Is skill required?	Does the attack require significant resources?	Can the defenses fail?	Does the defense cover all access points to the asset?	Are there any pre-conditions to the attack?	Is the vulnerability always present?	Consequences from internal sources?	Consequences from external sources?	Significant business value?	Significant repair cost?	Threat	Protection	Effectiveness	Occurrence	Likelihood	Harm	Valuation	Impact	Risk
FALSE	FALSE	FALSE	FALSE	FALSE	FALSE	FALSE	FALSE	FALSE	FALSE	L	P	C	P	H	L	P	L	M
FALSE	FALSE	FALSE	FALSE	FALSE	FALSE	FALSE	FALSE	FALSE	TRUE	L	P	C	P	H	L	S	L	M
FALSE	FALSE	FALSE	FALSE	FALSE	FALSE	FALSE	FALSE	TRUE	FALSE	L	P	C	P	H	L	S	L	M
FALSE	FALSE	FALSE	FALSE	FALSE	FALSE	FALSE	FALSE	TRUE	TRUE	L	P	C	P	H	L	E	M	H
FALSE	FALSE	FALSE	FALSE	FALSE	FALSE	FALSE	TRUE	FALSE	FALSE	L	P	C	P	H	M	P	L	M
FALSE	FALSE	FALSE	FALSE	FALSE	FALSE	FALSE	TRUE	FALSE	TRUE	L	P	C	P	H	M	S	M	H
FALSE	FALSE	FALSE	FALSE	FALSE	FALSE	FALSE	TRUE	TRUE	FALSE	L	P	C	P	H	M	S	M	H
FALSE	FALSE	FALSE	FALSE	FALSE	FALSE	FALSE	TRUE	TRUE	TRUE	L	P	C	P	H	M	E	H	H
FALSE	FALSE	FALSE	FALSE	FALSE	FALSE	TRUE	FALSE	FALSE	FALSE	L	P	C	P	H	M	P	L	M
FALSE	FALSE	FALSE	FALSE	FALSE	FALSE	TRUE	FALSE	FALSE	TRUE	L	P	C	P	H	M	S	M	H
FALSE	FALSE	FALSE	FALSE	FALSE	FALSE	TRUE	FALSE	TRUE	FALSE	L	P	C	P	H	M	S	M	H
FALSE	FALSE	FALSE	FALSE	FALSE	FALSE	TRUE	FALSE	TRUE	TRUE	L	P	C	P	H	M	E	H	H
FALSE	FALSE	FALSE	FALSE	FALSE	FALSE	TRUE	TRUE	FALSE	FALSE	L	P	C	P	H	D	P	M	H
FALSE	FALSE	FALSE	FALSE	FALSE	FALSE	TRUE	TRUE	FALSE	TRUE	L	P	C	P	H	D	S	H	H
FALSE	FALSE	FALSE	FALSE	FALSE	FALSE	TRUE	TRUE	TRUE	FALSE	L	P	C	P	H	D	S	H	H
FALSE	FALSE	FALSE	FALSE	FALSE	FALSE	TRUE	TRUE	TRUE	TRUE	L	P	C	P	H	D	E	H	H
FALSE	FALSE	FALSE	FALSE	FALSE	TRUE	FALSE	FALSE	FALSE	FALSE	L	P	C	A	H	L	P	L	M
FALSE	FALSE	FALSE	FALSE	FALSE	TRUE	FALSE	FALSE	FALSE	TRUE	L	P	C	A	H	L	S	L	M
FALSE	FALSE	FALSE	FALSE	FALSE	TRUE	FALSE	FALSE	TRUE	FALSE	L	P	C	A	H	L	S	L	M
FALSE	FALSE	FALSE	FALSE	FALSE	TRUE	FALSE	FALSE	TRUE	TRUE	L	P	C	A	H	L	E	M	H
FALSE	FALSE	FALSE	FALSE	FALSE	TRUE	FALSE	TRUE	FALSE	FALSE	L	P	C	A	H	M	P	L	M
FALSE	FALSE	FALSE	FALSE	FALSE	TRUE	FALSE	TRUE	FALSE	TRUE	L	P	C	A	H	M	S	M	H
FALSE	FALSE	FALSE	FALSE	FALSE	TRUE	FALSE	TRUE	TRUE	FALSE	L	P	C	A	H	M	S	M	H
FALSE	FALSE	FALSE	FALSE	FALSE	TRUE	FALSE	TRUE	TRUE	TRUE	L	P	C	A	H	M	E	H	H
FALSE	FALSE	FALSE	FALSE	FALSE	TRUE	TRUE	FALSE	FALSE	FALSE	L	P	C	A	H	M	P	L	M
FALSE	FALSE	FALSE	FALSE	FALSE	TRUE	TRUE	FALSE	FALSE	TRUE	L	P	C	A	H	M	S	M	H
FALSE	FALSE	FALSE	FALSE	FALSE	TRUE	TRUE	FALSE	TRUE	FALSE	L	P	C	A	H	M	S	M	H
FALSE	FALSE	FALSE	FALSE	FALSE	TRUE	TRUE	FALSE	TRUE	TRUE	L	P	C	A	H	M	E	H	H
FALSE	FALSE	FALSE	FALSE	FALSE	TRUE	TRUE	TRUE	FALSE	FALSE	L	P	C	A	H	D	P	M	H
FALSE	FALSE	FALSE	FALSE	FALSE	TRUE	TRUE	TRUE	FALSE	TRUE	L	P	C	A	H	D	S	H	H
FALSE	FALSE	FALSE	FALSE	FALSE	TRUE	TRUE	TRUE	TRUE	FALSE	L	P	C	A	H	D	S	H	H
FALSE	FALSE	FALSE	FALSE	FALSE	TRUE	TRUE	TRUE	TRUE	TRUE	L	P	C	A	H	D	E	H	H
FALSE	FALSE	FALSE	FALSE	TRUE	FALSE	FALSE	FALSE	FALSE	FALSE	L	P	C	R	M	L	P	L	L
FALSE	FALSE	FALSE	FALSE	TRUE	FALSE	FALSE	FALSE	FALSE	TRUE	L	P	C	R	M	L	S	L	L
FALSE	FALSE	FALSE	FALSE	TRUE	FALSE	FALSE	FALSE	TRUE	FALSE	L	P	C	R	M	L	S	L	L
FALSE	FALSE	FALSE	FALSE	TRUE	FALSE	FALSE	FALSE	TRUE	TRUE	L	P	C	R	M	L	E	M	M
FALSE	FALSE	FALSE	FALSE	TRUE	FALSE	FALSE	TRUE	FALSE	FALSE	L	P	C	R	M	M	P	L	L
FALSE	FALSE	FALSE	FALSE	TRUE	FALSE	FALSE	TRUE	FALSE	TRUE	L	P	C	R	M	M	S	M	M
FALSE	FALSE	FALSE	FALSE	TRUE	FALSE	FALSE	TRUE	TRUE	FALSE	L	P	C	R	M	M	S	M	M
FALSE	FALSE	FALSE	FALSE	TRUE	FALSE	FALSE	TRUE	TRUE	TRUE	L	P	C	R	M	M	E	H	H
FALSE	FALSE	FALSE	FALSE	TRUE	FALSE	TRUE	FALSE	FALSE	FALSE	L	P	C	R	M	M	P	L	L
FALSE	FALSE	FALSE	FALSE	TRUE	FALSE	TRUE	FALSE	FALSE	TRUE	L	P	C	R	M	M	S	M	M
FALSE	FALSE	FALSE	FALSE	TRUE	FALSE	TRUE	FALSE	TRUE	FALSE	L	P	C	R	M	M	S	M	M
FALSE	FALSE	FALSE	FALSE	TRUE	FALSE	TRUE	FALSE	TRUE	TRUE	L	P	C	R	M	M	E	H	H
FALSE	FALSE	FALSE	FALSE	TRUE	FALSE	TRUE	TRUE	FALSE	FALSE	L	P	C	R	M	D	P	M	M
FALSE	FALSE	FALSE	FALSE	TRUE	FALSE	TRUE	TRUE	FALSE	TRUE	L	P	C	R	M	D	S	H	H
FALSE	FALSE	FALSE	FALSE	TRUE	FALSE	TRUE	TRUE	TRUE	FALSE	L	P	C	R	M	D	S	H	H
FALSE	FALSE	FALSE	FALSE	TRUE	FALSE	TRUE	TRUE	TRUE	TRUE	L	P	C	R	M	D	E	H	H
FALSE	FALSE	FALSE	FALSE	TRUE	TRUE	FALSE	FALSE	FALSE	FALSE	L	P	C	P	H	L	P	L	M
FALSE	FALSE	FALSE	FALSE	TRUE	TRUE	FALSE	FALSE	FALSE	TRUE	L	P	C	P	H	L	S	L	M
FALSE	FALSE	FALSE	FALSE	TRUE	TRUE	FALSE	FALSE	TRUE	FALSE	L	P	C	P	H	L	S	L	M
FALSE	FALSE	FALSE	FALSE	TRUE	TRUE	FALSE	FALSE	TRUE	TRUE	L	P	C	P	H	L	E	M	H
FALSE	FALSE	FALSE	FALSE	TRUE	TRUE	FALSE	TRUE	FALSE	FALSE	L	P	C	P	H	M	P	L	M
FALSE	FALSE	FALSE	FALSE	TRUE	TRUE	FALSE	TRUE	FALSE	TRUE	L	P	C	P	H	M	S	M	H
FALSE	FALSE	FALSE	FALSE	TRUE	TRUE	FALSE	TRUE	TRUE	FALSE	L	P	C	P	H	M	S	M	H
FALSE	FALSE	FALSE	FALSE	TRUE	TRUE	FALSE	TRUE	TRUE	TRUE	L	P	C	P	H	M	E	H	H
FALSE	FALSE	FALSE	FALSE	TRUE	TRUE	TRUE	FALSE	FALSE	FALSE	L	P	C	P	H	M	P	L	M
FALSE	FALSE	FALSE	FALSE	TRUE	TRUE	TRUE	FALSE	FALSE	TRUE	L	P	C	P	H	M	S	M	H
FALSE	FALSE	FALSE	FALSE	TRUE	TRUE	TRUE	FALSE	TRUE	FALSE	L	P	C	P	H	M	S	M	H
FALSE	FALSE	FALSE	FALSE	TRUE	TRUE	TRUE	FALSE	TRUE	TRUE	L	P	C	P	H	M	E	H	H
FALSE	FALSE	FALSE	FALSE	TRUE	TRUE	TRUE	TRUE	FALSE	FALSE	L	P	C	P	H	D	P	M	H
FALSE	FALSE	FALSE	FALSE	TRUE	TRUE	TRUE	TRUE	FALSE	TRUE	L	P	C	P	H	D	S	H	H
FALSE	FALSE	FALSE	FALSE	TRUE	TRUE	TRUE	TRUE	TRUE	FALSE	L	P	C	P	H	D	S	H	H
FALSE	FALSE	FALSE	FALSE	TRUE	TRUE	TRUE	TRUE	TRUE	TRUE	L	P	C	P	H	D	E	H	H
FALSE	FALSE	FALSE	TRUE	FALSE	FALSE	FALSE	FALSE	FALSE	FALSE	L	C	O	P	M	L	P	L	L
FALSE	FALSE	FALSE	TRUE	FALSE	FALSE	FALSE	FALSE	FALSE	TRUE	L	C	O	P	M	L	S	L	L
FALSE	FALSE	FALSE	TRUE	FALSE	FALSE	FALSE	FALSE	TRUE	FALSE	L	C	O	P	M	L	S	L	L
FALSE	FALSE	FALSE	TRUE	FALSE	FALSE	FALSE	FALSE	TRUE	TRUE	L	C	O	P	M	L	E	M	M
FALSE	FALSE	FALSE	TRUE	FALSE	FALSE	FALSE	TRUE	FALSE	FALSE	L	C	O	P	M	M	P	L	L
FALSE	FALSE	FALSE	TRUE	FALSE	FALSE	FALSE	TRUE	FALSE	TRUE	L	C	O	P	M	M	S	M	M
FALSE	FALSE	FALSE	TRUE	FALSE	FALSE	FALSE	TRUE	TRUE	FALSE	L	C	O	P	M	M	S	M	M
FALSE	FALSE	FALSE	TRUE	FALSE	FALSE	FALSE	TRUE	TRUE	TRUE	L	C	O	P	M	M	E	H	H
FALSE	FALSE	FALSE	TRUE	FALSE	FALSE	TRUE	FALSE	FALSE	FALSE	L	C	O	P	M	M	P	L	L
FALSE	FALSE	FALSE	TRUE	FALSE	FALSE	TRUE	FALSE	FALSE	TRUE	L	C	O	P	M	M	S	M	M
FALSE	FALSE	FALSE	TRUE	FALSE	FALSE	TRUE	FALSE	TRUE	FALSE	L	C	O	P	M	M	S	M	M
FALSE	FALSE	FALSE	TRUE	FALSE	FALSE	TRUE	FALSE	TRUE	TRUE	L	C	O	P	M	M	E	H	H
FALSE	FALSE	FALSE	TRUE	FALSE	FALSE	TRUE	TRUE	FALSE	FALSE	L	C	O	P	M	D	P	M	M
FALSE	FALSE	FALSE	TRUE	FALSE	FALSE	TRUE	TRUE	FALSE	TRUE	L	C	O	P	M	D	S	H	H
FALSE	FALSE	FALSE	TRUE	FALSE	FALSE	TRUE	TRUE	TRUE	FALSE	L	C	O	P	M	D	S	H	H
FALSE	FALSE	FALSE	TRUE	FALSE	FALSE	TRUE	TRUE	TRUE	TRUE	L	C	O	P	M	D	E	H	H
FALSE	FALSE	FALSE	TRUE	FALSE	TRUE	FALSE	FALSE	FALSE	FALSE	L	C	O	A	H	L	P	L	M
FALSE	FALSE	FALSE	TRUE	FALSE	TRUE	FALSE	FALSE	FALSE	TRUE	L	C	O	A	H	L	S	L	M
FALSE	FALSE	FALSE	TRUE	FALSE	TRUE	FALSE	FALSE	TRUE	FALSE	L	C	O	A	H	L	S	L	M
FALSE	FALSE	FALSE	TRUE	FALSE	TRUE	FALSE	FALSE	TRUE	TRUE	L	C	O	A	H	L	E	M	H
FALSE	FALSE	FALSE	TRUE	FALSE	TRUE	FALSE	TRUE	FALSE	FALSE	L	C	O	A	H	M	P	L	M
FALSE	FALSE	FALSE	TRUE	FALSE	TRUE	FALSE	TRUE	FALSE	TRUE	L	C	O	A	H	M	S	M	H
FALSE	FALSE	FALSE	TRUE	FALSE	TRUE	FALSE	TRUE	TRUE	FALSE	L	C	O	A	H	M	S	M	H
FALSE	FALSE	FALSE	TRUE	FALSE	TRUE	FALSE	TRUE	TRUE	TRUE	L	C	O	A	H	M	E	H	H
FALSE	FALSE	FALSE	TRUE	FALSE	TRUE	TRUE	FALSE	FALSE	FALSE	L	C	O	A	H	M	P	L	M
FALSE	FALSE	FALSE	TRUE	FALSE	TRUE	TRUE	FALSE	FALSE	TRUE	L	C	O	A	H	M	S	M	H
FALSE	FALSE	FALSE	TRUE	FALSE	TRUE	TRUE	FALSE	TRUE	FALSE	L	C	O	A	H	M	S	M	H
FALSE	FALSE	FALSE	TRUE	FALSE	TRUE	TRUE	FALSE	TRUE	TRUE	L	C	O	A	H	M	E	H	H
FALSE	FALSE	FALSE	TRUE	FALSE	TRUE	TRUE	TRUE	FALSE	FALSE	L	C	O	A	H	D	P	M	H
FALSE	FALSE	FALSE	TRUE	FALSE	TRUE	TRUE	TRUE	FALSE	TRUE	L	C	O	A	H	D	S	H	H
FALSE	FALSE	FALSE	TRUE	FALSE	TRUE	TRUE	TRUE	TRUE	FALSE	L	C	O	A	H	D	S	H	H
FALSE	FALSE	FALSE	TRUE	FALSE	TRUE	TRUE	TRUE	TRUE	TRUE	L	C	O	A	H	D	E	H	H
FALSE	FALSE	FALSE	TRUE	TRUE	FALSE	FALSE	FALSE	FALSE	FALSE	L	C	O	R	L	L	P	L	L
FALSE	FALSE	FALSE	TRUE	TRUE	FALSE	FALSE	FALSE	FALSE	TRUE	L	C	O	R	L	L	S	L	L
FALSE	FALSE	FALSE	TRUE	TRUE	FALSE	FALSE	FALSE	TRUE	FALSE	L	C	O	R	L	L	S	L	L
FALSE	FALSE	FALSE	TRUE	TRUE	FALSE	FALSE	FALSE	TRUE	TRUE	L	C	O	R	L	L	E	M	L
FALSE	FALSE	FALSE	TRUE	TRUE	FALSE	FALSE	TRUE	FALSE	FALSE	L	C	O	R	L	M	P	L	L
FALSE	FALSE	FALSE	TRUE	TRUE	FALSE	FALSE	TRUE	FALSE	TRUE	L	C	O	R	L	M	S	M	L
FALSE	FALSE	FALSE	TRUE	TRUE	FALSE	FALSE	TRUE	TRUE	FALSE	L	C	O	R	L	M	S	M	L
FALSE	FALSE	FALSE	TRUE	TRUE	FALSE	FALSE	TRUE	TRUE	TRUE	L	C	O	R	L	M	E	H	M
FALSE	FALSE	FALSE	TRUE	TRUE	FALSE	TRUE	FALSE	FALSE	FALSE	L	C	O	R	L	M	P	L	L
FALSE	FALSE	FALSE	TRUE	TRUE	FALSE	TRUE	FALSE	FALSE	TRUE	L	C	O	R	L	M	S	M	L
FALSE	FALSE	FALSE	TRUE	TRUE	FALSE	TRUE	FALSE	TRUE	FALSE	L	C	O	R	L	M	S	M	L
FALSE	FALSE	FALSE	TRUE	TRUE	FALSE	TRUE	FALSE	TRUE	TRUE	L	C	O	R	L	M	E	H	M
FALSE	FALSE	FALSE	TRUE	TRUE	FALSE	TRUE	TRUE	FALSE	FALSE	L	C	O	R	L	D	P	M	L
FALSE	FALSE	FALSE	TRUE	TRUE	FALSE	TRUE	TRUE	FALSE	TRUE	L	C	O	R	L	D	S	H	M
FALSE	FALSE	FALSE	TRUE	TRUE	FALSE	TRUE	TRUE	TRUE	FALSE	L	C	O	R	L	D	S	H	M
FALSE	FALSE	FALSE	TRUE	TRUE	FALSE	TRUE	TRUE	TRUE	TRUE	L	C	O	R	L	D	E	H	M
FALSE	FALSE	FALSE	TRUE	TRUE	TRUE	FALSE	FALSE	FALSE	FALSE	L	C	O	P	M	L	P	L	L
FALSE	FALSE	FALSE	TRUE	TRUE	TRUE	FALSE	FALSE	FALSE	TRUE	L	C	O	P	M	L	S	L	L
FALSE	FALSE	FALSE	TRUE	TRUE	TRUE	FALSE	FALSE	TRUE	FALSE	L	C	O	P	M	L	S	L	L
FALSE	FALSE	FALSE	TRUE	TRUE	TRUE	FALSE	FALSE	TRUE	TRUE	L	C	O	P	M	L	E	M	M
FALSE	FALSE	FALSE	TRUE	TRUE	TRUE	FALSE	TRUE	FALSE	FALSE	L	C	O	P	M	M	P	L	L
FALSE	FALSE	FALSE	TRUE	TRUE	TRUE	FALSE	TRUE	FALSE	TRUE	L	C	O	P	M	M	S	M	M
FALSE	FALSE	FALSE	TRUE	TRUE	TRUE	FALSE	TRUE	TRUE	FALSE	L	C	O	P	M	M	S	M	M
FALSE	FALSE	FALSE	TRUE	TRUE	TRUE	FALSE	TRUE	TRUE	TRUE	L	C	O	P	M	M	E	H	H
FALSE	FALSE	FALSE	TRUE	TRUE	TRUE	TRUE	FALSE	FALSE	FALSE	L	C	O	P	M	M	P	L	L
FALSE	FALSE	FALSE	TRUE	TRUE	TRUE	TRUE	FALSE	FALSE	TRUE	L	C	O	P	M	M	S	M	M
FALSE	FALSE	FALSE	TRUE	TRUE	TRUE	TRUE	FALSE	TRUE	FALSE	L	C	O	P	M	M	S	M	M
FALSE	FALSE	FALSE	TRUE	TRUE	TRUE	TRUE	FALSE	TRUE	TRUE	L	C	O	P	M	M	E	H	H
FALSE	FALSE	FALSE	TRUE	TRUE	TRUE	TRUE	TRUE	FALSE	FALSE	L	C	O	P	M	D	P	M	M
FALSE	FALSE	FALSE	TRUE	TRUE	TRUE	TRUE	TRUE	FALSE	TRUE	L	C	O	P	M	D	S	H	H
FALSE	FALSE	FALSE	TRUE	TRUE	TRUE	TRUE	TRUE	TRUE	FALSE	L	C	O	P	M	D	S	H	H
FALSE	FALSE	FALSE	TRUE	TRUE	TRUE	TRUE	TRUE	TRUE	TRUE	L	C	O	P	M	D	E	H	H
FALSE	FALSE	TRUE	FALSE	FALSE	FALSE	FALSE	FALSE	FALSE	FALSE	L	I	C	P	H	L	P	L	M
FALSE	FALSE	TRUE	FALSE	FALSE	FALSE	FALSE	FALSE	FALSE	TRUE	L	I	C	P	H	L	S	L	M
FALSE	FALSE	TRUE	FALSE	FALSE	FALSE	FALSE	FALSE	TRUE	FALSE	L	I	C	P	H	L	S	L	M
FALSE	FALSE	TRUE	FALSE	FALSE	FALSE	FALSE	FALSE	TRUE	TRUE	L	I	C	P	H	L	E	M	H
FALSE	FALSE	TRUE	FALSE	FALSE	FALSE	FALSE	TRUE	FALSE	FALSE	L	I	C	P	H	M	P	L	M
FALSE	FALSE	TRUE	FALSE	FALSE	FALSE	FALSE	TRUE	FALSE	TRUE	L	I	C	P	H	M	S	M	H
FALSE	FALSE	TRUE	FALSE	FALSE	FALSE	FALSE	TRUE	TRUE	FALSE	L	I	C	P	H	M	S	M	H
FALSE	FALSE	TRUE	FALSE	FALSE	FALSE	FALSE	TRUE	TRUE	TRUE	L	I	C	P	H	M	E	H	H
FALSE	FALSE	TRUE	FALSE	FALSE	FALSE	TRUE	FALSE	FALSE	FALSE	L	I	C	P	H	M	P	L	M
FALSE	FALSE	TRUE	FALSE	FALSE	FALSE	TRUE	FALSE	FALSE	TRUE	L	I	C	P	H	M	S	M	H
FALSE	FALSE	TRUE	FALSE	FALSE	FALSE	TRUE	FALSE	TRUE	FALSE	L	I	C	P	H	M	S	M	H
FALSE	FALSE	TRUE	FALSE	FALSE	FALSE	TRUE	FALSE	TRUE	TRUE	L	I	C	P	H	M	E	H	H
FALSE	FALSE	TRUE	FALSE	FALSE	FALSE	TRUE	TRUE	FALSE	FALSE	L	I	C	P	H	D	P	M	H
FALSE	FALSE	TRUE	FALSE	FALSE	FALSE	TRUE	TRUE	FALSE	TRUE	L	I	C	P	H	D	S	H	H
FALSE	FALSE	TRUE	FALSE	FALSE	FALSE	TRUE	TRUE	TRUE	FALSE	L	I	C	P	H	D	S	H	H
FALSE	FALSE	TRUE	FALSE	FALSE	FALSE	TRUE	TRUE	TRUE	TRUE	L	I	C	P	H	D	E	H	H
FALSE	FALSE	TRUE	FALSE	FALSE	TRUE	FALSE	FALSE	FALSE	FALSE	L	I	C	A	H	L	P	L	M
FALSE	FALSE	TRUE	FALSE	FALSE	TRUE	FALSE	FALSE	FALSE	TRUE	L	I	C	A	H	L	S	L	M
FALSE	FALSE	TRUE	FALSE	FALSE	TRUE	FALSE	FALSE	TRUE	FALSE	L	I	C	A	H	L	S	L	M
FALSE	FALSE	TRUE	FALSE	FALSE	TRUE	FALSE	FALSE	TRUE	TRUE	L	I	C	A	H	L	E	M	H
FALSE	FALSE	TRUE	FALSE	FALSE	TRUE	FALSE	TRUE	FALSE	FALSE	L	I	C	A	H	M	P	L	M
FALSE	FALSE	TRUE	FALSE	FALSE	TRUE	FALSE	TRUE	FALSE	TRUE	L	I	C	A	H	M	S	M	H
FALSE	FALSE	TRUE	FALSE	FALSE	TRUE	FALSE	TRUE	TRUE	FALSE	L	I	C	A	H	M	S	M	H
FALSE	FALSE	TRUE	FALSE	FALSE	TRUE	FALSE	TRUE	TRUE	TRUE	L	I	C	A	H	M	E	H	H
FALSE	FALSE	TRUE	FALSE	FALSE	TRUE	TRUE	FALSE	FALSE	FALSE	L	I	C	A	H	M	P	L	M
FALSE	FALSE	TRUE	FALSE	FALSE	TRUE	TRUE	FALSE	FALSE	TRUE	L	I	C	A	H	M	S	M	H
FALSE	FALSE	TRUE	FALSE	FALSE	TRUE	TRUE	FALSE	TRUE	FALSE	L	I	C	A	H	M	S	M	H
FALSE	FALSE	TRUE	FALSE	FALSE	TRUE	TRUE	FALSE	TRUE	TRUE	L	I	C	A	H	M	E	H	H
FALSE	FALSE	TRUE	FALSE	FALSE	TRUE	TRUE	TRUE	FALSE	FALSE	L	I	C	A	H	D	P	M	H
FALSE	FALSE	TRUE	FALSE	FALSE	TRUE	TRUE	TRUE	FALSE	TRUE	L	I	C	A	H	D	S	H	H
FALSE	FALSE	TRUE	FALSE	FALSE	TRUE	TRUE	TRUE	TRUE	FALSE	L	I	C	A	H	D	S	H	H
FALSE	FALSE	TRUE	FALSE	FALSE	TRUE	TRUE	TRUE	TRUE	TRUE	L	I	C	A	H	D	E	H	H
FALSE	FALSE	TRUE	FALSE	TRUE	FALSE	FALSE	FALSE	FALSE	FALSE	L	I	C	R	M	L	P	L	L
FALSE	FALSE	TRUE	FALSE	TRUE	FALSE	FALSE	FALSE	FALSE	TRUE	L	I	C	R	M	L	S	L	L
FALSE	FALSE	TRUE	FALSE	TRUE	FALSE	FALSE	FALSE	TRUE	FALSE	L	I	C	R	M	L	S	L	L
FALSE	FALSE	TRUE	FALSE	TRUE	FALSE	FALSE	FALSE	TRUE	TRUE	L	I	C	R	M	L	E	M	M
FALSE	FALSE	TRUE	FALSE	TRUE	FALSE	FALSE	TRUE	FALSE	FALSE	L	I	C	R	M	M	P	L	L
FALSE	FALSE	TRUE	FALSE	TRUE	FALSE	FALSE	TRUE	FALSE	TRUE	L	I	C	R	M	M	S	M	M
FALSE	FALSE	TRUE	FALSE	TRUE	FALSE	FALSE	TRUE	TRUE	FALSE	L	I	C	R	M	M	S	M	M
FALSE	FALSE	TRUE	FALSE	TRUE	FALSE	FALSE	TRUE	TRUE	TRUE	L	I	C	R	M	M	E	H	H
FALSE	FALSE	TRUE	FALSE	TRUE	FALSE	TRUE	FALSE	FALSE	FALSE	L	I	C	R	M	M	P	L	L
FALSE	FALSE	TRUE	FALSE	TRUE	FALSE	TRUE	FALSE	FALSE	TRUE	L	I	C	R	M	M	S	M	M
FALSE	FALSE	TRUE	FALSE	TRUE	FALSE	TRUE	FALSE	TRUE	FALSE	L	I	C	R	M	M	S	M	M
FALSE	FALSE	TRUE	FALSE	TRUE	FALSE	TRUE	FALSE	TRUE	TRUE	L	I	C	R	M	M	E	H	H
FALSE	FALSE	TRUE	FALSE	TRUE	FALSE	TRUE	TRUE	FALSE	FALSE	L	I	C	R	M	D	P	M	M
FALSE	FALSE	TRUE	FALSE	TRUE	FALSE	TRUE	TRUE	FALSE	TRUE	L	I	C	R	M	D	S	H	H
FALSE	FALSE	TRUE	FALSE	TRUE	FALSE	TRUE	TRUE	TRUE	FALSE	L	I	C	R	M	D	S	H	H
FALSE	FALSE	TRUE	FALSE	TRUE	FALSE	TRUE	TRUE	TRUE	TRUE	L	I	C	R	M	D	E	H	H
FALSE	FALSE	TRUE	FALSE	TRUE	TRUE	FALSE	FALSE	FALSE	FALSE	L	I	C	P	H	L	P	L	M
FALSE	FALSE	TRUE	FALSE	TRUE	TRUE	FALSE	FALSE	FALSE	TRUE	L	I	C	P	H	L	S	L	M
FALSE	FALSE	TRUE	FALSE	TRUE	TRUE	FALSE	FALSE	TRUE	FALSE	L	I	C	P	H	L	S	L	M
FALSE	FALSE	TRUE	FALSE	TRUE	TRUE	FALSE	FALSE	TRUE	TRUE	L	I	C	P	H	L	E	M	H
FALSE	FALSE	TRUE	FALSE	TRUE	TRUE	FALSE	TRUE	FALSE	FALSE	L	I	C	P	H	M	P	L	M
FALSE	FALSE	TRUE	FALSE	TRUE	TRUE	FALSE	TRUE	FALSE	TRUE	L	I	C	P	H	M	S	M	H
FALSE	FALSE	TRUE	FALSE	TRUE	TRUE	FALSE	TRUE	TRUE	FALSE	L	I	C	P	H	M	S	M	H
FALSE	FALSE	TRUE	FALSE	TRUE	TRUE	FALSE	TRUE	TRUE	TRUE	L	I	C	P	H	M	E	H	H
FALSE	FALSE	TRUE	FALSE	TRUE	TRUE	TRUE	FALSE	FALSE	FALSE	L	I	C	P	H	M	P	L	M
FALSE	FALSE	TRUE	FALSE	TRUE	TRUE	TRUE	FALSE	FALSE	TRUE	L	I	C	P	H	M	S	M	H
FALSE	FALSE	TRUE	FALSE	TRUE	TRUE	TRUE	FALSE	TRUE	FALSE	L	I	C	P	H	M	S	M	H
FALSE	FALSE	TRUE	FALSE	TRUE	TRUE	TRUE	FALSE	TRUE	TRUE	L	I	C	P	H	M	E	H	H
FALSE	FALSE	TRUE	FALSE	TRUE	TRUE	TRUE	TRUE	FALSE	FALSE	L	I	C	P	H	D	P	M	H
FALSE	FALSE	TRUE	FALSE	TRUE	TRUE	TRUE	TRUE	FALSE	TRUE	L	I	C	P	H	D	S	H	H
FALSE	FALSE	TRUE	FALSE	TRUE	TRUE	TRUE	TRUE	TRUE	FALSE	L	I	C	P	H	D	S	H	H
FALSE	FALSE	TRUE	FALSE	TRUE	TRUE	TRUE	TRUE	TRUE	TRUE	L	I	C	P	H	D	E	H	H
FALSE	FALSE	TRUE	TRUE	FALSE	FALSE	FALSE	FALSE	FALSE	FALSE	L	P	C	P	H	L	P	L	M
FALSE	FALSE	TRUE	TRUE	FALSE	FALSE	FALSE	FALSE	FALSE	TRUE	L	P	C	P	H	L	S	L	M
FALSE	FALSE	TRUE	TRUE	FALSE	FALSE	FALSE	FALSE	TRUE	FALSE	L	P	C	P	H	L	S	L	M
FALSE	FALSE	TRUE	TRUE	FALSE	FALSE	FALSE	FALSE	TRUE	TRUE	L	P	C	P	H	L	E	M	H
FALSE	FALSE	TRUE	TRUE	FALSE	FALSE	FALSE	TRUE	FALSE	FALSE	L	P	C	P	H	M	P	L	M
FALSE	FALSE	TRUE	TRUE	FALSE	FALSE	FALSE	TRUE	FALSE	TRUE	L	P	C	P	H	M	S	M	H
FALSE	FALSE	TRUE	TRUE	FALSE	FALSE	FALSE	TRUE	TRUE	FALSE	L	P	C	P	H	M	S	M	H
FALSE	FALSE	TRUE	TRUE	FALSE	FALSE	FALSE	TRUE	TRUE	TRUE	L	P	C	P	H	M	E	H	H
FALSE	FALSE	TRUE	TRUE	FALSE	FALSE	TRUE	FALSE	FALSE	FALSE	L	P	C	P	H	M	P	L	M
FALSE	FALSE	TRUE	TRUE	FALSE	FALSE	TRUE	FALSE	FALSE	TRUE	L	P	C	P	H	M	S	M	H
FALSE	FALSE	TRUE	TRUE	FALSE	FALSE	TRUE	FALSE	TRUE	FALSE	L	P	C	P	H	M	S	M	H
FALSE	FALSE	TRUE	TRUE	FALSE	FALSE	TRUE	FALSE	TRUE	TRUE	L	P	C	P	H	M	E	H	H
FALSE	FALSE	TRUE	TRUE	FALSE	FALSE	TRUE	TRUE	FALSE	FALSE	L	P	C	P	H	D	P	M	H
FALSE	FALSE	TRUE	TRUE	FALSE	FALSE	TRUE	TRUE	FALSE	TRUE	L	P	C	P	H	D	S	H	H
FALSE	FALSE	TRUE	TRUE	FALSE	FALSE	TRUE	TRUE	TRUE	FALSE	L	P	C	P	H	D	S	H	H
FALSE	FALSE	TRUE	TRUE	FALSE	FALSE	TRUE	TRUE	TRUE	TRUE	L	P	C	P	H	D	E	H	H
FALSE	FALSE	TRUE	TRUE	FALSE	TRUE	FALSE	FALSE	FALSE	FALSE	L	P	C	A	H	L	P	L	M
FALSE	FALSE	TRUE	TRUE	FALSE	TRUE	FALSE	FALSE	FALSE	TRUE	L	P	C	A	H	L	S	L	M
FALSE	FALSE	TRUE	TRUE	FALSE	TRUE	FALSE	FALSE	TRUE	FALSE	L	P	C	A	H	L	S	L	M
FALSE	FALSE	TRUE	TRUE	FALSE	TRUE	FALSE	FALSE	TRUE	TRUE	L	P	C	A	H	L	E	M	H
FALSE	FALSE	TRUE	TRUE	FALSE	TRUE	FALSE	TRUE	FALSE	FALSE	L	P	C	A	H	M	P	L	M
FALSE	FALSE	TRUE	TRUE	FALSE	TRUE	FALSE	TRUE	FALSE	TRUE	L	P	C	A	H	M	S	M	H
FALSE	FALSE	TRUE	TRUE	FALSE	TRUE	FALSE	TRUE	TRUE	FALSE	L	P	C	A	H	M	S	M	H
FALSE	FALSE	TRUE	TRUE	FALSE	TRUE	FALSE	TRUE	TRUE	TRUE	L	P	C	A	H	M	E	H	H
FALSE	FALSE	TRUE	TRUE	FALSE	TRUE	TRUE	FALSE	FALSE	FALSE	L	P	C	A	H	M	P	L	M
FALSE	FALSE	TRUE	TRUE	FALSE	TRUE	TRUE	FALSE	FALSE	TRUE	L	P	C	A	H	M	S	M	H
FALSE	FALSE	TRUE	TRUE	FALSE	TRUE	TRUE	FALSE	TRUE	FALSE	L	P	C	A	H	M	S	M	H
FALSE	FALSE	TRUE	TRUE	FALSE	TRUE	TRUE	FALSE	TRUE	TRUE	L	P	C	A	H	M	E	H	H
FALSE	FALSE	TRUE	TRUE	FALSE	TRUE	TRUE	TRUE	FALSE	FALSE	L	P	C	A	H	D	P	M	H
FALSE	FALSE	TRUE	TRUE	FALSE	TRUE	TRUE	TRUE	FALSE	TRUE	L	P	C	A	H	D	S	H	H
FALSE	FALSE	TRUE	TRUE	FALSE	TRUE	TRUE	TRUE	TRUE	FALSE	L	P	C	A	H	D	S	H	H
FALSE	FALSE	TRUE	TRUE	FALSE	TRUE	TRUE	TRUE	TRUE	TRUE	L	P	C	A	H	D	E	H	H
FALSE	FALSE	TRUE	TRUE	TRUE	FALSE	FALSE	FALSE	FALSE	FALSE	L	P	C	R	M	L	P	L	L
FALSE	FALSE	TRUE	TRUE	TRUE	FALSE	FALSE	FALSE	FALSE	TRUE	L	P	C	R	M	L	S	L	L
FALSE	FALSE	TRUE	TRUE	TRUE	FALSE	FALSE	FALSE	TRUE	FALSE	L	P	C	R	M	L	S	L	L
FALSE	FALSE	TRUE	TRUE	TRUE	FALSE	FALSE	FALSE	TRUE	TRUE	L	P	C	R	M	L	E	M	M
FALSE	FALSE	TRUE	TRUE	TRUE	FALSE	FALSE	TRUE	FALSE	FALSE	L	P	C	R	M	M	P	L	L
FALSE	FALSE	TRUE	TRUE	TRUE	FALSE	FALSE	TRUE	FALSE	TRUE	L	P	C	R	M	M	S	M	M
FALSE	FALSE	TRUE	TRUE	TRUE	FALSE	FALSE	TRUE	TRUE	FALSE	L	P	C	R	M	M	S	M	M
FALSE	FALSE	TRUE	TRUE	TRUE	FALSE	FALSE	TRUE	TRUE	TRUE	L	P	C	R	M	M	E	H	H
FALSE	FALSE	TRUE	TRUE	TRUE	FALSE	TRUE	FALSE	FALSE	FALSE	L	P	C	R	M	M	P	L	L
FALSE	FALSE	TRUE	TRUE	TRUE	FALSE	TRUE	FALSE	FALSE	TRUE	L	P	C	R	M	M	S	M	M
FALSE	FALSE	TRUE	TRUE	TRUE	FALSE	TRUE	FALSE	TRUE	FALSE	L	P	C	R	M	M	S	M	M
FALSE	FALSE	TRUE	TRUE	TRUE	FALSE	TRUE	FALSE	TRUE	TRUE	L	P	C	R	M	M	E	H	H
FALSE	FALSE	TRUE	TRUE	TRUE	FALSE	TRUE	TRUE	FALSE	FALSE	L	P	C	R	M	D	P	M	M
FALSE	FALSE	TRUE	TRUE	TRUE	FALSE	TRUE	TRUE	FALSE	TRUE	L	P	C	R	M	D	S	H	H
FALSE	FALSE	TRUE	TRUE	TRUE	FALSE	TRUE	TRUE	TRUE	FALSE	L	P	C	R	M	D	S	H	H
FALSE	FALSE	TRUE	TRUE	TRUE	FALSE	TRUE	TRUE	TRUE	TRUE	L	P	C	R	M	D	E	H	H
FALSE	FALSE	TRUE	TRUE	TRUE	TRUE	FALSE	FALSE	FALSE	FALSE	L	P	C	P	H	L	P	L	M
FALSE	FALSE	TRUE	TRUE	TRUE	TRUE	FALSE	FALSE	FALSE	TRUE	L	P	C	P	H	L	S	L	M
FALSE	FALSE	TRUE	TRUE	TRUE	TRUE	FALSE	FALSE	TRUE	FALSE	L	P	C	P	H	L	S	L	M
FALSE	FALSE	TRUE	TRUE	TRUE	TRUE	FALSE	FALSE	TRUE	TRUE	L	P	C	P	H	L	E	M	H
FALSE	FALSE	TRUE	TRUE	TRUE	TRUE	FALSE	TRUE	FALSE	FALSE	L	P	C	P	H	M	P	L	M
FALSE	FALSE	TRUE	TRUE	TRUE	TRUE	FALSE	TRUE	FALSE	TRUE	L	P	C	P	H	M	S	M	H
FALSE	FALSE	TRUE	TRUE	TRUE	TRUE	FALSE	TRUE	TRUE	FALSE	L	P	C	P	H	M	S	M	H
FALSE	FALSE	TRUE	TRUE	TRUE	TRUE	FALSE	TRUE	TRUE	TRUE	L	P	C	P	H	M	E	H	H
FALSE	FALSE	TRUE	TRUE	TRUE	TRUE	TRUE	FALSE	FALSE	FALSE	L	P	C	P	H	M	P	L	M
FALSE	FALSE	TRUE	TRUE	TRUE	TRUE	TRUE	FALSE	FALSE	TRUE	L	P	C	P	H	M	S	M	H
FALSE	FALSE	TRUE	TRUE	TRUE	TRUE	TRUE	FALSE	TRUE	FALSE	L	P	C	P	H	M	S	M	H
FALSE	FALSE	TRUE	TRUE	TRUE	TRUE	TRUE	FALSE	TRUE	TRUE	L	P	C	P	H	M	E	H	H
FALSE	FALSE	TRUE	TRUE	TRUE	TRUE	TRUE	TRUE	FALSE	FALSE	L	P	C	P	H	D	P	M	H
FALSE	FALSE	TRUE	TRUE	TRUE	TRUE	TRUE	TRUE	FALSE	TRUE	L	P	C	P	H	D	S	H	H
FALSE	FALSE	TRUE	TRUE	TRUE	TRUE	TRUE	TRUE	TRUE	FALSE	L	P	C	P	H	D	S	H	H
FALSE	FALSE	TRUE	TRUE	TRUE	TRUE	TRUE	TRUE	TRUE	TRUE	L	P	C	P	H	D	E	H	H
FALSE	TRUE	FALSE	FALSE	FALSE	FALSE	FALSE	FALSE	FALSE	FALSE	M	P	O	P	M	L	P	L	L
FALSE	TRUE	FALSE	FALSE	FALSE	FALSE	FALSE	FALSE	FALSE	TRUE	M	P	O	P	M	L	S	L	L
FALSE	TRUE	FALSE	FALSE	FALSE	FALSE	FALSE	FALSE	TRUE	FALSE	M	P	O	P	M	L	S	L	L
FALSE	TRUE	FALSE	FALSE	FALSE	FALSE	FALSE	FALSE	TRUE	TRUE	M	P	O	P	M	L	E	M	M
FALSE	TRUE	FALSE	FALSE	FALSE	FALSE	FALSE	TRUE	FALSE	FALSE	M	P	O	P	M	M	P	L	L
FALSE	TRUE	FALSE	FALSE	FALSE	FALSE	FALSE	TRUE	FALSE	TRUE	M	P	O	P	M	M	S	M	M
FALSE	TRUE	FALSE	FALSE	FALSE	FALSE	FALSE	TRUE	TRUE	FALSE	M	P	O	P	M	M	S	M	M
FALSE	TRUE	FALSE	FALSE	FALSE	FALSE	FALSE	TRUE	TRUE	TRUE	M	P	O	P	M	M	E	H	H
FALSE	TRUE	FALSE	FALSE	FALSE	FALSE	TRUE	FALSE	FALSE	FALSE	M	P	O	P	M	M	P	L	L
FALSE	TRUE	FALSE	FALSE	FALSE	FALSE	TRUE	FALSE	FALSE	TRUE	M	P	O	P	M	M	S	M	M
FALSE	TRUE	FALSE	FALSE	FALSE	FALSE	TRUE	FALSE	TRUE	FALSE	M	P	O	P	M	M	S	M	M
FALSE	TRUE	FALSE	FALSE	FALSE	FALSE	TRUE	FALSE	TRUE	TRUE	M	P	O	P	M	M	E	H	H
FALSE	TRUE	FALSE	FALSE	FALSE	FALSE	TRUE	TRUE	FALSE	FALSE	M	P	O	P	M	D	P	M	M
FALSE	TRUE	FALSE	FALSE	FALSE	FALSE	TRUE	TRUE	FALSE	TRUE	M	P	O	P	M	D	S	H	H
FALSE	TRUE	FALSE	FALSE	FALSE	FALSE	TRUE	TRUE	TRUE	FALSE	M	P	O	P	M	D	S	H	H
FALSE	TRUE	FALSE	FALSE	FALSE	FALSE	TRUE	TRUE	TRUE	TRUE	M	P	O	P	M	D	E	H	H
FALSE	TRUE	FALSE	FALSE	FALSE	TRUE	FALSE	FALSE	FALSE	FALSE	M	P	O	A	H	L	P	L	M
FALSE	TRUE	FALSE	FALSE	FALSE	TRUE	FALSE	FALSE	FALSE	TRUE	M	P	O	A	H	L	S	L	M
FALSE	TRUE	FALSE	FALSE	FALSE	TRUE	FALSE	FALSE	TRUE	FALSE	M	P	O	A	H	L	S	L	M
FALSE	TRUE	FALSE	FALSE	FALSE	TRUE	FALSE	FALSE	TRUE	TRUE	M	P	O	A	H	L	E	M	H
FALSE	TRUE	FALSE	FALSE	FALSE	TRUE	FALSE	TRUE	FALSE	FALSE	M	P	O	A	H	M	P	L	M
FALSE	TRUE	FALSE	FALSE	FALSE	TRUE	FALSE	TRUE	FALSE	TRUE	M	P	O	A	H	M	S	M	H
FALSE	TRUE	FALSE	FALSE	FALSE	TRUE	FALSE	TRUE	TRUE	FALSE	M	P	O	A	H	M	S	M	H
FALSE	TRUE	FALSE	FALSE	FALSE	TRUE	FALSE	TRUE	TRUE	TRUE	M	P	O	A	H	M	E	H	H
FALSE	TRUE	FALSE	FALSE	FALSE	TRUE	TRUE	FALSE	FALSE	FALSE	M	P	O	A	H	M	P	L	M
FALSE	TRUE	FALSE	FALSE	FALSE	TRUE	TRUE	FALSE	FALSE	TRUE	M	P	O	A	H	M	S	M	H
FALSE	TRUE	FALSE	FALSE	FALSE	TRUE	TRUE	FALSE	TRUE	FALSE	M	P	O	A	H	M	S	M	H
FALSE	TRUE	FALSE	FALSE	FALSE	TRUE	TRUE	FALSE	TRUE	TRUE	M	P	O	A	H	M	E	H	H
FALSE	TRUE	FALSE	FALSE	FALSE	TRUE	TRUE	TRUE	FALSE	FALSE	M	P	O	A	H	D	P	M	H
FALSE	TRUE	FALSE	FALSE	FALSE	TRUE	TRUE	TRUE	FALSE	TRUE	M	P	O	A	H	D	S	H	H
FALSE	TRUE	FALSE	FALSE	FALSE	TRUE	TRUE	TRUE	TRUE	FALSE	M	P	O	A	H	D	S	H	H
FALSE	TRUE	FALSE	FALSE	FALSE	TRUE	TRUE	TRUE	TRUE	TRUE	M	P	O	A	H	D	E	H	H
FALSE	TRUE	FALSE	FALSE	TRUE	FALSE	FALSE	FALSE	FALSE	FALSE	M	P	O	R	L	L	P	L	L
FALSE	TRUE	FALSE	FALSE	TRUE	FALSE	FALSE	FALSE	FALSE	TRUE	M	P	O	R	L	L	S	L	L
FALSE	TRUE	FALSE	FALSE	TRUE	FALSE	FALSE	FALSE	TRUE	FALSE	M	P	O	R	L	L	S	L	L
FALSE	TRUE	FALSE	FALSE	TRUE	FALSE	FALSE	FALSE	TRUE	TRUE	M	P	O	R	L	L	E	M	L
FALSE	TRUE	FALSE	FALSE	TRUE	FALSE	FALSE	TRUE	FALSE	FALSE	M	P	O	R	L	M	P	L	L
FALSE	TRUE	FALSE	FALSE	TRUE	FALSE	FALSE	TRUE	FALSE	TRUE	M	P	O	R	L	M	S	M	L
FALSE	TRUE	FALSE	FALSE	TRUE	FALSE	FALSE	TRUE	TRUE	FALSE	M	P	O	R	L	M	S	M	L
FALSE	TRUE	FALSE	FALSE	TRUE	FALSE	FALSE	TRUE	TRUE	TRUE	M	P	O	R	L	M	E	H	M
FALSE	TRUE	FALSE	FALSE	TRUE	FALSE	TRUE	FALSE	FALSE	FALSE	M	P	O	R	L	M	P	L	L
FALSE	TRUE	FALSE	FALSE	TRUE	FALSE	TRUE	FALSE	FALSE	TRUE	M	P	O	R	L	M	S	M	L
FALSE	TRUE	FALSE	FALSE	TRUE	FALSE	TRUE	FALSE	TRUE	FALSE	M	P	O	R	L	M	S	M	L
FALSE	TRUE	FALSE	FALSE	TRUE	FALSE	TRUE	FALSE	TRUE	TRUE	M	P	O	R	L	M	E	H	M
FALSE	TRUE	FALSE	FALSE	TRUE	FALSE	TRUE	TRUE	FALSE	FALSE	M	P	O	R	L	D	P	M	L
FALSE	TRUE	FALSE	FALSE	TRUE	FALSE	TRUE	TRUE	FALSE	TRUE	M	P	O	R	L	D	S	H	M
FALSE	TRUE	FALSE	FALSE	TRUE	FALSE	TRUE	TRUE	TRUE	FALSE	M	P	O	R	L	D	S	H	M
FALSE	TRUE	FALSE	FALSE	TRUE	FALSE	TRUE	TRUE	TRUE	TRUE	M	P	O	R	L	D	E	H	M
FALSE	TRUE	FALSE	FALSE	TRUE	TRUE	FALSE	FALSE	FALSE	FALSE	M	P	O	P	M	L	P	L	L
FALSE	TRUE	FALSE	FALSE	TRUE	TRUE	FALSE	FALSE	FALSE	TRUE	M	P	O	P	M	L	S	L	L
FALSE	TRUE	FALSE	FALSE	TRUE	TRUE	FALSE	FALSE	TRUE	FALSE	M	P	O	P	M	L	S	L	L
FALSE	TRUE	FALSE	FALSE	TRUE	TRUE	FALSE	FALSE	TRUE	TRUE	M	P	O	P	M	L	E	M	M
FALSE	TRUE	FALSE	FALSE	TRUE	TRUE	FALSE	TRUE	FALSE	FALSE	M	P	O	P	M	M	P	L	L
FALSE	TRUE	FALSE	FALSE	TRUE	TRUE	FALSE	TRUE	FALSE	TRUE	M	P	O	P	M	M	S	M	M
FALSE	TRUE	FALSE	FALSE	TRUE	TRUE	FALSE	TRUE	TRUE	FALSE	M	P	O	P	M	M	S	M	M
FALSE	TRUE	FALSE	FALSE	TRUE	TRUE	FALSE	TRUE	TRUE	TRUE	M	P	O	P	M	M	E	H	H
FALSE	TRUE	FALSE	FALSE	TRUE	TRUE	TRUE	FALSE	FALSE	FALSE	M	P	O	P	M	M	P	L	L
FALSE	TRUE	FALSE	FALSE	TRUE	TRUE	TRUE	FALSE	FALSE	TRUE	M	P	O	P	M	M	S	M	M
FALSE	TRUE	FALSE	FALSE	TRUE	TRUE	TRUE	FALSE	TRUE	FALSE	M	P	O	P	M	M	S	M	M
FALSE	TRUE	FALSE	FALSE	TRUE	TRUE	TRUE	FALSE	TRUE	TRUE	M	P	O	P	M	M	E	H	H
FALSE	TRUE	FALSE	FALSE	TRUE	TRUE	TRUE	TRUE	FALSE	FALSE	M	P	O	P	M	D	P	M	M
FALSE	TRUE	FALSE	FALSE	TRUE	TRUE	TRUE	TRUE	FALSE	TRUE	M	P	O	P	M	D	S	H	H
FALSE	TRUE	FALSE	FALSE	TRUE	TRUE	TRUE	TRUE	TRUE	FALSE	M	P	O	P	M	D	S	H	H
FALSE	TRUE	FALSE	FALSE	TRUE	TRUE	TRUE	TRUE	TRUE	TRUE	M	P	O	P	M	D	E	H	H
FALSE	TRUE	FALSE	TRUE	FALSE	FALSE	FALSE	FALSE	FALSE	FALSE	M	C	L	P	L	L	P	L	L
FALSE	TRUE	FALSE	TRUE	FALSE	FALSE	FALSE	FALSE	FALSE	TRUE	M	C	L	P	L	L	S	L	L
FALSE	TRUE	FALSE	TRUE	FALSE	FALSE	FALSE	FALSE	TRUE	FALSE	M	C	L	P	L	L	S	L	L
FALSE	TRUE	FALSE	TRUE	FALSE	FALSE	FALSE	FALSE	TRUE	TRUE	M	C	L	P	L	L	E	M	L
FALSE	TRUE	FALSE	TRUE	FALSE	FALSE	FALSE	TRUE	FALSE	FALSE	M	C	L	P	L	M	P	L	L
FALSE	TRUE	FALSE	TRUE	FALSE	FALSE	FALSE	TRUE	FALSE	TRUE	M	C	L	P	L	M	S	M	L
FALSE	TRUE	FALSE	TRUE	FALSE	FALSE	FALSE	TRUE	TRUE	FALSE	M	C	L	P	L	M	S	M	L
FALSE	TRUE	FALSE	TRUE	FALSE	FALSE	FALSE	TRUE	TRUE	TRUE	M	C	L	P	L	M	E	H	M
FALSE	TRUE	FALSE	TRUE	FALSE	FALSE	TRUE	FALSE	FALSE	FALSE	M	C	L	P	L	M	P	L	L
FALSE	TRUE	FALSE	TRUE	FALSE	FALSE	TRUE	FALSE	FALSE	TRUE	M	C	L	P	L	M	S	M	L
FALSE	TRUE	FALSE	TRUE	FALSE	FALSE	TRUE	FALSE	TRUE	FALSE	M	C	L	P	L	M	S	M	L
FALSE	TRUE	FALSE	TRUE	FALSE	FALSE	TRUE	FALSE	TRUE	TRUE	M	C	L	P	L	M	E	H	M
FALSE	TRUE	FALSE	TRUE	FALSE	FALSE	TRUE	TRUE	FALSE	FALSE	M	C	L	P	L	D	P	M	L
FALSE	TRUE	FALSE	TRUE	FALSE	FALSE	TRUE	TRUE	FALSE	TRUE	M	C	L	P	L	D	S	H	M
FALSE	TRUE	FALSE	TRUE	FALSE	FALSE	TRUE	TRUE	TRUE	FALSE	M	C	L	P	L	D	S	H	M
FALSE	TRUE	FALSE	TRUE	FALSE	FALSE	TRUE	TRUE	TRUE	TRUE	M	C	L	P	L	D	E	H	M
FALSE	TRUE	FALSE	TRUE	FALSE	TRUE	FALSE	FALSE	FALSE	FALSE	M	C	L	A	M	L	P	L	L
FALSE	TRUE	FALSE	TRUE	FALSE	TRUE	FALSE	FALSE	FALSE	TRUE	M	C	L	A	M	L	S	L	L
FALSE	TRUE	FALSE	TRUE	FALSE	TRUE	FALSE	FALSE	TRUE	FALSE	M	C	L	A	M	L	S	L	L
FALSE	TRUE	FALSE	TRUE	FALSE	TRUE	FALSE	FALSE	TRUE	TRUE	M	C	L	A	M	L	E	M	M
FALSE	TRUE	FALSE	TRUE	FALSE	TRUE	FALSE	TRUE	FALSE	FALSE	M	C	L	A	M	M	P	L	L
FALSE	TRUE	FALSE	TRUE	FALSE	TRUE	FALSE	TRUE	FALSE	TRUE	M	C	L	A	M	M	S	M	M
FALSE	TRUE	FALSE	TRUE	FALSE	TRUE	FALSE	TRUE	TRUE	FALSE	M	C	L	A	M	M	S	M	M
FALSE	TRUE	FALSE	TRUE	FALSE	TRUE	FALSE	TRUE	TRUE	TRUE	M	C	L	A	M	M	E	H	H
FALSE	TRUE	FALSE	TRUE	FALSE	TRUE	TRUE	FALSE	FALSE	FALSE	M	C	L	A	M	M	P	L	L
FALSE	TRUE	FALSE	TRUE	FALSE	TRUE	TRUE	FALSE	FALSE	TRUE	M	C	L	A	M	M	S	M	M
FALSE	TRUE	FALSE	TRUE	FALSE	TRUE	TRUE	FALSE	TRUE	FALSE	M	C	L	A	M	M	S	M	M
FALSE	TRUE	FALSE	TRUE	FALSE	TRUE	TRUE	FALSE	TRUE	TRUE	M	C	L	A	M	M	E	H	H
FALSE	TRUE	FALSE	TRUE	FALSE	TRUE	TRUE	TRUE	FALSE	FALSE	M	C	L	A	M	D	P	M	M
FALSE	TRUE	FALSE	TRUE	FALSE	TRUE	TRUE	TRUE	FALSE	TRUE	M	C	L	A	M	D	S	H	H
FALSE	TRUE	FALSE	TRUE	FALSE	TRUE	TRUE	TRUE	TRUE	FALSE	M	C	L	A	M	D	S	H	H
FALSE	TRUE	FALSE	TRUE	FALSE	TRUE	TRUE	TRUE	TRUE	TRUE	M	C	L	A	M	D	E	H	H
FALSE	TRUE	FALSE	TRUE	TRUE	FALSE	FALSE	FALSE	FALSE	FALSE	M	C	L	R	L	L	P	L	L
FALSE	TRUE	FALSE	TRUE	TRUE	FALSE	FALSE	FALSE	FALSE	TRUE	M	C	L	R	L	L	S	L	L
FALSE	TRUE	FALSE	TRUE	TRUE	FALSE	FALSE	FALSE	TRUE	FALSE	M	C	L	R	L	L	S	L	L
FALSE	TRUE	FALSE	TRUE	TRUE	FALSE	FALSE	FALSE	TRUE	TRUE	M	C	L	R	L	L	E	M	L
FALSE	TRUE	FALSE	TRUE	TRUE	FALSE	FALSE	TRUE	FALSE	FALSE	M	C	L	R	L	M	P	L	L
FALSE	TRUE	FALSE	TRUE	TRUE	FALSE	FALSE	TRUE	FALSE	TRUE	M	C	L	R	L	M	S	M	L
FALSE	TRUE	FALSE	TRUE	TRUE	FALSE	FALSE	TRUE	TRUE	FALSE	M	C	L	R	L	M	S	M	L
FALSE	TRUE	FALSE	TRUE	TRUE	FALSE	FALSE	TRUE	TRUE	TRUE	M	C	L	R	L	M	E	H	M
FALSE	TRUE	FALSE	TRUE	TRUE	FALSE	TRUE	FALSE	FALSE	FALSE	M	C	L	R	L	M	P	L	L
FALSE	TRUE	FALSE	TRUE	TRUE	FALSE	TRUE	FALSE	FALSE	TRUE	M	C	L	R	L	M	S	M	L
FALSE	TRUE	FALSE	TRUE	TRUE	FALSE	TRUE	FALSE	TRUE	FALSE	M	C	L	R	L	M	S	M	L
FALSE	TRUE	FALSE	TRUE	TRUE	FALSE	TRUE	FALSE	TRUE	TRUE	M	C	L	R	L	M	E	H	M
FALSE	TRUE	FALSE	TRUE	TRUE	FALSE	TRUE	TRUE	FALSE	FALSE	M	C	L	R	L	D	P	M	L
FALSE	TRUE	FALSE	TRUE	TRUE	FALSE	TRUE	TRUE	FALSE	TRUE	M	C	L	R	L	D	S	H	M
FALSE	TRUE	FALSE	TRUE	TRUE	FALSE	TRUE	TRUE	TRUE	FALSE	M	C	L	R	L	D	S	H	M
FALSE	TRUE	FALSE	TRUE	TRUE	FALSE	TRUE	TRUE	TRUE	TRUE	M	C	L	R	L	D	E	H	M
FALSE	TRUE	FALSE	TRUE	TRUE	TRUE	FALSE	FALSE	FALSE	FALSE	M	C	L	P	L	L	P	L	L
FALSE	TRUE	FALSE	TRUE	TRUE	TRUE	FALSE	FALSE	FALSE	TRUE	M	C	L	P	L	L	S	L	L
FALSE	TRUE	FALSE	TRUE	TRUE	TRUE	FALSE	FALSE	TRUE	FALSE	M	C	L	P	L	L	S	L	L
FALSE	TRUE	FALSE	TRUE	TRUE	TRUE	FALSE	FALSE	TRUE	TRUE	M	C	L	P	L	L	E	M	L
FALSE	TRUE	FALSE	TRUE	TRUE	TRUE	FALSE	TRUE	FALSE	FALSE	M	C	L	P	L	M	P	L	L
FALSE	TRUE	FALSE	TRUE	TRUE	TRUE	FALSE	TRUE	FALSE	TRUE	M	C	L	P	L	M	S	M	L
FALSE	TRUE	FALSE	TRUE	TRUE	TRUE	FALSE	TRUE	TRUE	FALSE	M	C	L	P	L	M	S	M	L
FALSE	TRUE	FALSE	TRUE	TRUE	TRUE	FALSE	TRUE	TRUE	TRUE	M	C	L	P	L	M	E	H	M
FALSE	TRUE	FALSE	TRUE	TRUE	TRUE	TRUE	FALSE	FALSE	FALSE	M	C	L	P	L	M	P	L	L
FALSE	TRUE	FALSE	TRUE	TRUE	TRUE	TRUE	FALSE	FALSE	TRUE	M	C	L	P	L	M	S	M	L
FALSE	TRUE	FALSE	TRUE	TRUE	TRUE	TRUE	FALSE	TRUE	FALSE	M	C	L	P	L	M	S	M	L
FALSE	TRUE	FALSE	TRUE	TRUE	TRUE	TRUE	FALSE	TRUE	TRUE	M	C	L	P	L	M	E	H	M
FALSE	TRUE	FALSE	TRUE	TRUE	TRUE	TRUE	TRUE	FALSE	FALSE	M	C	L	P	L	D	P	M	L
FALSE	TRUE	FALSE	TRUE	TRUE	TRUE	TRUE	TRUE	FALSE	TRUE	M	C	L	P	L	D	S	H	M
FALSE	TRUE	FALSE	TRUE	TRUE	TRUE	TRUE	TRUE	TRUE	FALSE	M	C	L	P	L	D	S	H	M
FALSE	TRUE	FALSE	TRUE	TRUE	TRUE	TRUE	TRUE	TRUE	TRUE	M	C	L	P	L	D	E	H	M
FALSE	TRUE	TRUE	FALSE	FALSE	FALSE	FALSE	FALSE	FALSE	FALSE	M	I	C	P	H	L	P	L	M
FALSE	TRUE	TRUE	FALSE	FALSE	FALSE	FALSE	FALSE	FALSE	TRUE	M	I	C	P	H	L	S	L	M
FALSE	TRUE	TRUE	FALSE	FALSE	FALSE	FALSE	FALSE	TRUE	FALSE	M	I	C	P	H	L	S	L	M
FALSE	TRUE	TRUE	FALSE	FALSE	FALSE	FALSE	FALSE	TRUE	TRUE	M	I	C	P	H	L	E	M	H
FALSE	TRUE	TRUE	FALSE	FALSE	FALSE	FALSE	TRUE	FALSE	FALSE	M	I	C	P	H	M	P	L	M
FALSE	TRUE	TRUE	FALSE	FALSE	FALSE	FALSE	TRUE	FALSE	TRUE	M	I	C	P	H	M	S	M	H
FALSE	TRUE	TRUE	FALSE	FALSE	FALSE	FALSE	TRUE	TRUE	FALSE	M	I	C	P	H	M	S	M	H
FALSE	TRUE	TRUE	FALSE	FALSE	FALSE	FALSE	TRUE	TRUE	TRUE	M	I	C	P	H	M	E	H	H
FALSE	TRUE	TRUE	FALSE	FALSE	FALSE	TRUE	FALSE	FALSE	FALSE	M	I	C	P	H	M	P	L	M
FALSE	TRUE	TRUE	FALSE	FALSE	FALSE	TRUE	FALSE	FALSE	TRUE	M	I	C	P	H	M	S	M	H
FALSE	TRUE	TRUE	FALSE	FALSE	FALSE	TRUE	FALSE	TRUE	FALSE	M	I	C	P	H	M	S	M	H
FALSE	TRUE	TRUE	FALSE	FALSE	FALSE	TRUE	FALSE	TRUE	TRUE	M	I	C	P	H	M	E	H	H
FALSE	TRUE	TRUE	FALSE	FALSE	FALSE	TRUE	TRUE	FALSE	FALSE	M	I	C	P	H	D	P	M	H
FALSE	TRUE	TRUE	FALSE	FALSE	FALSE	TRUE	TRUE	FALSE	TRUE	M	I	C	P	H	D	S	H	H
FALSE	TRUE	TRUE	FALSE	FALSE	FALSE	TRUE	TRUE	TRUE	FALSE	M	I	C	P	H	D	S	H	H
FALSE	TRUE	TRUE	FALSE	FALSE	FALSE	TRUE	TRUE	TRUE	TRUE	M	I	C	P	H	D	E	H	H
FALSE	TRUE	TRUE	FALSE	FALSE	TRUE	FALSE	FALSE	FALSE	FALSE	M	I	C	A	H	L	P	L	M
FALSE	TRUE	TRUE	FALSE	FALSE	TRUE	FALSE	FALSE	FALSE	TRUE	M	I	C	A	H	L	S	L	M
FALSE	TRUE	TRUE	FALSE	FALSE	TRUE	FALSE	FALSE	TRUE	FALSE	M	I	C	A	H	L	S	L	M
FALSE	TRUE	TRUE	FALSE	FALSE	TRUE	FALSE	FALSE	TRUE	TRUE	M	I	C	A	H	L	E	M	H
FALSE	TRUE	TRUE	FALSE	FALSE	TRUE	FALSE	TRUE	FALSE	FALSE	M	I	C	A	H	M	P	L	M
FALSE	TRUE	TRUE	FALSE	FALSE	TRUE	FALSE	TRUE	FALSE	TRUE	M	I	C	A	H	M	S	M	H
FALSE	TRUE	TRUE	FALSE	FALSE	TRUE	FALSE	TRUE	TRUE	FALSE	M	I	C	A	H	M	S	M	H
FALSE	TRUE	TRUE	FALSE	FALSE	TRUE	FALSE	TRUE	TRUE	TRUE	M	I	C	A	H	M	E	H	H
FALSE	TRUE	TRUE	FALSE	FALSE	TRUE	TRUE	FALSE	FALSE	FALSE	M	I	C	A	H	M	P	L	M
FALSE	TRUE	TRUE	FALSE	FALSE	TRUE	TRUE	FALSE	FALSE	TRUE	M	I	C	A	H	M	S	M	H
FALSE	TRUE	TRUE	FALSE	FALSE	TRUE	TRUE	FALSE	TRUE	FALSE	M	I	C	A	H	M	S	M	H
FALSE	TRUE	TRUE	FALSE	FALSE	TRUE	TRUE	FALSE	TRUE	TRUE	M	I	C	A	H	M	E	H	H
FALSE	TRUE	TRUE	FALSE	FALSE	TRUE	TRUE	TRUE	FALSE	FALSE	M	I	C	A	H	D	P	M	H
FALSE	TRUE	TRUE	FALSE	FALSE	TRUE	TRUE	TRUE	FALSE	TRUE	M	I	C	A	H	D	S	H	H
FALSE	TRUE	TRUE	FALSE	FALSE	TRUE	TRUE	TRUE	TRUE	FALSE	M	I	C	A	H	D	S	H	H
FALSE	TRUE	TRUE	FALSE	FALSE	TRUE	TRUE	TRUE	TRUE	TRUE	M	I	C	A	H	D	E	H	H
FALSE	TRUE	TRUE	FALSE	TRUE	FALSE	FALSE	FALSE	FALSE	FALSE	M	I	C	R	M	L	P	L	L
FALSE	TRUE	TRUE	FALSE	TRUE	FALSE	FALSE	FALSE	FALSE	TRUE	M	I	C	R	M	L	S	L	L
FALSE	TRUE	TRUE	FALSE	TRUE	FALSE	FALSE	FALSE	TRUE	FALSE	M	I	C	R	M	L	S	L	L
FALSE	TRUE	TRUE	FALSE	TRUE	FALSE	FALSE	FALSE	TRUE	TRUE	M	I	C	R	M	L	E	M	M
FALSE	TRUE	TRUE	FALSE	TRUE	FALSE	FALSE	TRUE	FALSE	FALSE	M	I	C	R	M	M	P	L	L
FALSE	TRUE	TRUE	FALSE	TRUE	FALSE	FALSE	TRUE	FALSE	TRUE	M	I	C	R	M	M	S	M	M
FALSE	TRUE	TRUE	FALSE	TRUE	FALSE	FALSE	TRUE	TRUE	FALSE	M	I	C	R	M	M	S	M	M
FALSE	TRUE	TRUE	FALSE	TRUE	FALSE	FALSE	TRUE	TRUE	TRUE	M	I	C	R	M	M	E	H	H
FALSE	TRUE	TRUE	FALSE	TRUE	FALSE	TRUE	FALSE	FALSE	FALSE	M	I	C	R	M	M	P	L	L
FALSE	TRUE	TRUE	FALSE	TRUE	FALSE	TRUE	FALSE	FALSE	TRUE	M	I	C	R	M	M	S	M	M
FALSE	TRUE	TRUE	FALSE	TRUE	FALSE	TRUE	FALSE	TRUE	FALSE	M	I	C	R	M	M	S	M	M
FALSE	TRUE	TRUE	FALSE	TRUE	FALSE	TRUE	FALSE	TRUE	TRUE	M	I	C	R	M	M	E	H	H
FALSE	TRUE	TRUE	FALSE	TRUE	FALSE	TRUE	TRUE	FALSE	FALSE	M	I	C	R	M	D	P	M	M
FALSE	TRUE	TRUE	FALSE	TRUE	FALSE	TRUE	TRUE	FALSE	TRUE	M	I	C	R	M	D	S	H	H
FALSE	TRUE	TRUE	FALSE	TRUE	FALSE	TRUE	TRUE	TRUE	FALSE	M	I	C	R	M	D	S	H	H
FALSE	TRUE	TRUE	FALSE	TRUE	FALSE	TRUE	TRUE	TRUE	TRUE	M	I	C	R	M	D	E	H	H
FALSE	TRUE	TRUE	FALSE	TRUE	TRUE	FALSE	FALSE	FALSE	FALSE	M	I	C	P	H	L	P	L	M
FALSE	TRUE	TRUE	FALSE	TRUE	TRUE	FALSE	FALSE	FALSE	TRUE	M	I	C	P	H	L	S	L	M
FALSE	TRUE	TRUE	FALSE	TRUE	TRUE	FALSE	FALSE	TRUE	FALSE	M	I	C	P	H	L	S	L	M
FALSE	TRUE	TRUE	FALSE	TRUE	TRUE	FALSE	FALSE	TRUE	TRUE	M	I	C	P	H	L	E	M	H
FALSE	TRUE	TRUE	FALSE	TRUE	TRUE	FALSE	TRUE	FALSE	FALSE	M	I	C	P	H	M	P	L	M
FALSE	TRUE	TRUE	FALSE	TRUE	TRUE	FALSE	TRUE	FALSE	TRUE	M	I	C	P	H	M	S	M	H
FALSE	TRUE	TRUE	FALSE	TRUE	TRUE	FALSE	TRUE	TRUE	FALSE	M	I	C	P	H	M	S	M	H
FALSE	TRUE	TRUE	FALSE	TRUE	TRUE	FALSE	TRUE	TRUE	TRUE	M	I	C	P	H	M	E	H	H
FALSE	TRUE	TRUE	FALSE	TRUE	TRUE	TRUE	FALSE	FALSE	FALSE	M	I	C	P	H	M	P	L	M
FALSE	TRUE	TRUE	FALSE	TRUE	TRUE	TRUE	FALSE	FALSE	TRUE	M	I	C	P	H	M	S	M	H
FALSE	TRUE	TRUE	FALSE	TRUE	TRUE	TRUE	FALSE	TRUE	FALSE	M	I	C	P	H	M	S	M	H
FALSE	TRUE	TRUE	FALSE	TRUE	TRUE	TRUE	FALSE	TRUE	TRUE	M	I	C	P	H	M	E	H	H
FALSE	TRUE	TRUE	FALSE	TRUE	TRUE	TRUE	TRUE	FALSE	FALSE	M	I	C	P	H	D	P	M	H
FALSE	TRUE	TRUE	FALSE	TRUE	TRUE	TRUE	TRUE	FALSE	TRUE	M	I	C	P	H	D	S	H	H
FALSE	TRUE	TRUE	FALSE	TRUE	TRUE	TRUE	TRUE	TRUE	FALSE	M	I	C	P	H	D	S	H	H
FALSE	TRUE	TRUE	FALSE	TRUE	TRUE	TRUE	TRUE	TRUE	TRUE	M	I	C	P	H	D	E	H	H
FALSE	TRUE	TRUE	TRUE	FALSE	FALSE	FALSE	FALSE	FALSE	FALSE	M	P	O	P	M	L	P	L	L
FALSE	TRUE	TRUE	TRUE	FALSE	FALSE	FALSE	FALSE	FALSE	TRUE	M	P	O	P	M	L	S	L	L
FALSE	TRUE	TRUE	TRUE	FALSE	FALSE	FALSE	FALSE	TRUE	FALSE	M	P	O	P	M	L	S	L	L
FALSE	TRUE	TRUE	TRUE	FALSE	FALSE	FALSE	FALSE	TRUE	TRUE	M	P	O	P	M	L	E	M	M
FALSE	TRUE	TRUE	TRUE	FALSE	FALSE	FALSE	TRUE	FALSE	FALSE	M	P	O	P	M	M	P	L	L
FALSE	TRUE	TRUE	TRUE	FALSE	FALSE	FALSE	TRUE	FALSE	TRUE	M	P	O	P	M	M	S	M	M
FALSE	TRUE	TRUE	TRUE	FALSE	FALSE	FALSE	TRUE	TRUE	FALSE	M	P	O	P	M	M	S	M	M
FALSE	TRUE	TRUE	TRUE	FALSE	FALSE	FALSE	TRUE	TRUE	TRUE	M	P	O	P	M	M	E	H	H
FALSE	TRUE	TRUE	TRUE	FALSE	FALSE	TRUE	FALSE	FALSE	FALSE	M	P	O	P	M	M	P	L	L
FALSE	TRUE	TRUE	TRUE	FALSE	FALSE	TRUE	FALSE	FALSE	TRUE	M	P	O	P	M	M	S	M	M
FALSE	TRUE	TRUE	TRUE	FALSE	FALSE	TRUE	FALSE	TRUE	FALSE	M	P	O	P	M	M	S	M	M
FALSE	TRUE	TRUE	TRUE	FALSE	FALSE	TRUE	FALSE	TRUE	TRUE	M	P	O	P	M	M	E	H	H
FALSE	TRUE	TRUE	TRUE	FALSE	FALSE	TRUE	TRUE	FALSE	FALSE	M	P	O	P	M	D	P	M	M
FALSE	TRUE	TRUE	TRUE	FALSE	FALSE	TRUE	TRUE	FALSE	TRUE	M	P	O	P	M	D	S	H	H
FALSE	TRUE	TRUE	TRUE	FALSE	FALSE	TRUE	TRUE	TRUE	FALSE	M	P	O	P	M	D	S	H	H
FALSE	TRUE	TRUE	TRUE	FALSE	FALSE	TRUE	TRUE	TRUE	TRUE	M	P	O	P	M	D	E	H	H
FALSE	TRUE	TRUE	TRUE	FALSE	TRUE	FALSE	FALSE	FALSE	FALSE	M	P	O	A	H	L	P	L	M
FALSE	TRUE	TRUE	TRUE	FALSE	TRUE	FALSE	FALSE	FALSE	TRUE	M	P	O	A	H	L	S	L	M
FALSE	TRUE	TRUE	TRUE	FALSE	TRUE	FALSE	FALSE	TRUE	FALSE	M	P	O	A	H	L	S	L	M
FALSE	TRUE	TRUE	TRUE	FALSE	TRUE	FALSE	FALSE	TRUE	TRUE	M	P	O	A	H	L	E	M	H
FALSE	TRUE	TRUE	TRUE	FALSE	TRUE	FALSE	TRUE	FALSE	FALSE	M	P	O	A	H	M	P	L	M
FALSE	TRUE	TRUE	TRUE	FALSE	TRUE	FALSE	TRUE	FALSE	TRUE	M	P	O	A	H	M	S	M	H
FALSE	TRUE	TRUE	TRUE	FALSE	TRUE	FALSE	TRUE	TRUE	FALSE	M	P	O	A	H	M	S	M	H
FALSE	TRUE	TRUE	TRUE	FALSE	TRUE	FALSE	TRUE	TRUE	TRUE	M	P	O	A	H	M	E	H	H
FALSE	TRUE	TRUE	TRUE	FALSE	TRUE	TRUE	FALSE	FALSE	FALSE	M	P	O	A	H	M	P	L	M
FALSE	TRUE	TRUE	TRUE	FALSE	TRUE	TRUE	FALSE	FALSE	TRUE	M	P	O	A	H	M	S	M	H
FALSE	TRUE	TRUE	TRUE	FALSE	TRUE	TRUE	FALSE	TRUE	FALSE	M	P	O	A	H	M	S	M	H
FALSE	TRUE	TRUE	TRUE	FALSE	TRUE	TRUE	FALSE	TRUE	TRUE	M	P	O	A	H	M	E	H	H
FALSE	TRUE	TRUE	TRUE	FALSE	TRUE	TRUE	TRUE	FALSE	FALSE	M	P	O	A	H	D	P	M	H
FALSE	TRUE	TRUE	TRUE	FALSE	TRUE	TRUE	TRUE	FALSE	TRUE	M	P	O	A	H	D	S	H	H
FALSE	TRUE	TRUE	TRUE	FALSE	TRUE	TRUE	TRUE	TRUE	FALSE	M	P	O	A	H	D	S	H	H
FALSE	TRUE	TRUE	TRUE	FALSE	TRUE	TRUE	TRUE	TRUE	TRUE	M	P	O	A	H	D	E	H	H
FALSE	TRUE	TRUE	TRUE	TRUE	FALSE	FALSE	FALSE	FALSE	FALSE	M	P	O	R	L	L	P	L	L
FALSE	TRUE	TRUE	TRUE	TRUE	FALSE	FALSE	FALSE	FALSE	TRUE	M	P	O	R	L	L	S	L	L
FALSE	TRUE	TRUE	TRUE	TRUE	FALSE	FALSE	FALSE	TRUE	FALSE	M	P	O	R	L	L	S	L	L
FALSE	TRUE	TRUE	TRUE	TRUE	FALSE	FALSE	FALSE	TRUE	TRUE	M	P	O	R	L	L	E	M	L
FALSE	TRUE	TRUE	TRUE	TRUE	FALSE	FALSE	TRUE	FALSE	FALSE	M	P	O	R	L	M	P	L	L
FALSE	TRUE	TRUE	TRUE	TRUE	FALSE	FALSE	TRUE	FALSE	TRUE	M	P	O	R	L	M	S	M	L
FALSE	TRUE	TRUE	TRUE	TRUE	FALSE	FALSE	TRUE	TRUE	FALSE	M	P	O	R	L	M	S	M	L
FALSE	TRUE	TRUE	TRUE	TRUE	FALSE	FALSE	TRUE	TRUE	TRUE	M	P	O	R	L	M	E	H	M
FALSE	TRUE	TRUE	TRUE	TRUE	FALSE	TRUE	FALSE	FALSE	FALSE	M	P	O	R	L	M	P	L	L
FALSE	TRUE	TRUE	TRUE	TRUE	FALSE	TRUE	FALSE	FALSE	TRUE	M	P	O	R	L	M	S	M	L
FALSE	TRUE	TRUE	TRUE	TRUE	FALSE	TRUE	FALSE	TRUE	FALSE	M	P	O	R	L	M	S	M	L
FALSE	TRUE	TRUE	TRUE	TRUE	FALSE	TRUE	FALSE	TRUE	TRUE	M	P	O	R	L	M	E	H	M
FALSE	TRUE	TRUE	TRUE	TRUE	FALSE	TRUE	TRUE	FALSE	FALSE	M	P	O	R	L	D	P	M	L
FALSE	TRUE	TRUE	TRUE	TRUE	FALSE	TRUE	TRUE	FALSE	TRUE	M	P	O	R	L	D	S	H	M
FALSE	TRUE	TRUE	TRUE	TRUE	FALSE	TRUE	TRUE	TRUE	FALSE	M	P	O	R	L	D	S	H	M
FALSE	TRUE	TRUE	TRUE	TRUE	FALSE	TRUE	TRUE	TRUE	TRUE	M	P	O	R	L	D	E	H	M
FALSE	TRUE	TRUE	TRUE	TRUE	TRUE	FALSE	FALSE	FALSE	FALSE	M	P	O	P	M	L	P	L	L
FALSE	TRUE	TRUE	TRUE	TRUE	TRUE	FALSE	FALSE	FALSE	TRUE	M	P	O	P	M	L	S	L	L
FALSE	TRUE	TRUE	TRUE	TRUE	TRUE	FALSE	FALSE	TRUE	FALSE	M	P	O	P	M	L	S	L	L
FALSE	TRUE	TRUE	TRUE	TRUE	TRUE	FALSE	FALSE	TRUE	TRUE	M	P	O	P	M	L	E	M	M
FALSE	TRUE	TRUE	TRUE	TRUE	TRUE	FALSE	TRUE	FALSE	FALSE	M	P	O	P	M	M	P	L	L
FALSE	TRUE	TRUE	TRUE	TRUE	TRUE	FALSE	TRUE	FALSE	TRUE	M	P	O	P	M	M	S	M	M
FALSE	TRUE	TRUE	TRUE	TRUE	TRUE	FALSE	TRUE	TRUE	FALSE	M	P	O	P	M	M	S	M	M
FALSE	TRUE	TRUE	TRUE	TRUE	TRUE	FALSE	TRUE	TRUE	TRUE	M	P	O	P	M	M	E	H	H
FALSE	TRUE	TRUE	TRUE	TRUE	TRUE	TRUE	FALSE	FALSE	FALSE	M	P	O	P	M	M	P	L	L
FALSE	TRUE	TRUE	TRUE	TRUE	TRUE	TRUE	FALSE	FALSE	TRUE	M	P	O	P	M	M	S	M	M
FALSE	TRUE	TRUE	TRUE	TRUE	TRUE	TRUE	FALSE	TRUE	FALSE	M	P	O	P	M	M	S	M	M
FALSE	TRUE	TRUE	TRUE	TRUE	TRUE	TRUE	FALSE	TRUE	TRUE	M	P	O	P	M	M	E	H	H
FALSE	TRUE	TRUE	TRUE	TRUE	TRUE	TRUE	TRUE	FALSE	FALSE	M	P	O	P	M	D	P	M	M
FALSE	TRUE	TRUE	TRUE	TRUE	TRUE	TRUE	TRUE	FALSE	TRUE	M	P	O	P	M	D	S	H	H
FALSE	TRUE	TRUE	TRUE	TRUE	TRUE	TRUE	TRUE	TRUE	FALSE	M	P	O	P	M	D	S	H	H
FALSE	TRUE	TRUE	TRUE	TRUE	TRUE	TRUE	TRUE	TRUE	TRUE	M	P	O	P	M	D	E	H	H
TRUE	FALSE	FALSE	FALSE	FALSE	FALSE	FALSE	FALSE	FALSE	FALSE	M	P	O	P	M	L	P	L	L
TRUE	FALSE	FALSE	FALSE	FALSE	FALSE	FALSE	FALSE	FALSE	TRUE	M	P	O	P	M	L	S	L	L
TRUE	FALSE	FALSE	FALSE	FALSE	FALSE	FALSE	FALSE	TRUE	FALSE	M	P	O	P	M	L	S	L	L
TRUE	FALSE	FALSE	FALSE	FALSE	FALSE	FALSE	FALSE	TRUE	TRUE	M	P	O	P	M	L	E	M	M
TRUE	FALSE	FALSE	FALSE	FALSE	FALSE	FALSE	TRUE	FALSE	FALSE	M	P	O	P	M	M	P	L	L
TRUE	FALSE	FALSE	FALSE	FALSE	FALSE	FALSE	TRUE	FALSE	TRUE	M	P	O	P	M	M	S	M	M
TRUE	FALSE	FALSE	FALSE	FALSE	FALSE	FALSE	TRUE	TRUE	FALSE	M	P	O	P	M	M	S	M	M
TRUE	FALSE	FALSE	FALSE	FALSE	FALSE	FALSE	TRUE	TRUE	TRUE	M	P	O	P	M	M	E	H	H
TRUE	FALSE	FALSE	FALSE	FALSE	FALSE	TRUE	FALSE	FALSE	FALSE	M	P	O	P	M	M	P	L	L
TRUE	FALSE	FALSE	FALSE	FALSE	FALSE	TRUE	FALSE	FALSE	TRUE	M	P	O	P	M	M	S	M	M
TRUE	FALSE	FALSE	FALSE	FALSE	FALSE	TRUE	FALSE	TRUE	FALSE	M	P	O	P	M	M	S	M	M
TRUE	FALSE	FALSE	FALSE	FALSE	FALSE	TRUE	FALSE	TRUE	TRUE	M	P	O	P	M	M	E	H	H
TRUE	FALSE	FALSE	FALSE	FALSE	FALSE	TRUE	TRUE	FALSE	FALSE	M	P	O	P	M	D	P	M	M
TRUE	FALSE	FALSE	FALSE	FALSE	FALSE	TRUE	TRUE	FALSE	TRUE	M	P	O	P	M	D	S	H	H
TRUE	FALSE	FALSE	FALSE	FALSE	FALSE	TRUE	TRUE	TRUE	FALSE	M	P	O	P	M	D	S	H	H
TRUE	FALSE	FALSE	FALSE	FALSE	FALSE	TRUE	TRUE	TRUE	TRUE	M	P	O	P	M	D	E	H	H
TRUE	FALSE	FALSE	FALSE	FALSE	TRUE	FALSE	FALSE	FALSE	FALSE	M	P	O	A	H	L	P	L	M
TRUE	FALSE	FALSE	FALSE	FALSE	TRUE	FALSE	FALSE	FALSE	TRUE	M	P	O	A	H	L	S	L	M
TRUE	FALSE	FALSE	FALSE	FALSE	TRUE	FALSE	FALSE	TRUE	FALSE	M	P	O	A	H	L	S	L	M
TRUE	FALSE	FALSE	FALSE	FALSE	TRUE	FALSE	FALSE	TRUE	TRUE	M	P	O	A	H	L	E	M	H
TRUE	FALSE	FALSE	FALSE	FALSE	TRUE	FALSE	TRUE	FALSE	FALSE	M	P	O	A	H	M	P	L	M
TRUE	FALSE	FALSE	FALSE	FALSE	TRUE	FALSE	TRUE	FALSE	TRUE	M	P	O	A	H	M	S	M	H
TRUE	FALSE	FALSE	FALSE	FALSE	TRUE	FALSE	TRUE	TRUE	FALSE	M	P	O	A	H	M	S	M	H
TRUE	FALSE	FALSE	FALSE	FALSE	TRUE	FALSE	TRUE	TRUE	TRUE	M	P	O	A	H	M	E	H	H
TRUE	FALSE	FALSE	FALSE	FALSE	TRUE	TRUE	FALSE	FALSE	FALSE	M	P	O	A	H	M	P	L	M
TRUE	FALSE	FALSE	FALSE	FALSE	TRUE	TRUE	FALSE	FALSE	TRUE	M	P	O	A	H	M	S	M	H
TRUE	FALSE	FALSE	FALSE	FALSE	TRUE	TRUE	FALSE	TRUE	FALSE	M	P	O	A	H	M	S	M	H
TRUE	FALSE	FALSE	FALSE	FALSE	TRUE	TRUE	FALSE	TRUE	TRUE	M	P	O	A	H	M	E	H	H
TRUE	FALSE	FALSE	FALSE	FALSE	TRUE	TRUE	TRUE	FALSE	FALSE	M	P	O	A	H	D	P	M	H
TRUE	FALSE	FALSE	FALSE	FALSE	TRUE	TRUE	TRUE	FALSE	TRUE	M	P	O	A	H	D	S	H	H
TRUE	FALSE	FALSE	FALSE	FALSE	TRUE	TRUE	TRUE	TRUE	FALSE	M	P	O	A	H	D	S	H	H
TRUE	FALSE	FALSE	FALSE	FALSE	TRUE	TRUE	TRUE	TRUE	TRUE	M	P	O	A	H	D	E	H	H
TRUE	FALSE	FALSE	FALSE	TRUE	FALSE	FALSE	FALSE	FALSE	FALSE	M	P	O	R	L	L	P	L	L
TRUE	FALSE	FALSE	FALSE	TRUE	FALSE	FALSE	FALSE	FALSE	TRUE	M	P	O	R	L	L	S	L	L
TRUE	FALSE	FALSE	FALSE	TRUE	FALSE	FALSE	FALSE	TRUE	FALSE	M	P	O	R	L	L	S	L	L
TRUE	FALSE	FALSE	FALSE	TRUE	FALSE	FALSE	FALSE	TRUE	TRUE	M	P	O	R	L	L	E	M	L
TRUE	FALSE	FALSE	FALSE	TRUE	FALSE	FALSE	TRUE	FALSE	FALSE	M	P	O	R	L	M	P	L	L
TRUE	FALSE	FALSE	FALSE	TRUE	FALSE	FALSE	TRUE	FALSE	TRUE	M	P	O	R	L	M	S	M	L
TRUE	FALSE	FALSE	FALSE	TRUE	FALSE	FALSE	TRUE	TRUE	FALSE	M	P	O	R	L	M	S	M	L
TRUE	FALSE	FALSE	FALSE	TRUE	FALSE	FALSE	TRUE	TRUE	TRUE	M	P	O	R	L	M	E	H	M
TRUE	FALSE	FALSE	FALSE	TRUE	FALSE	TRUE	FALSE	FALSE	FALSE	M	P	O	R	L	M	P	L	L
TRUE	FALSE	FALSE	FALSE	TRUE	FALSE	TRUE	FALSE	FALSE	TRUE	M	P	O	R	L	M	S	M	L
TRUE	FALSE	FALSE	FALSE	TRUE	FALSE	TRUE	FALSE	TRUE	FALSE	M	P	O	R	L	M	S	M	L
TRUE	FALSE	FALSE	FALSE	TRUE	FALSE	TRUE	FALSE	TRUE	TRUE	M	P	O	R	L	M	E	H	M
TRUE	FALSE	FALSE	FALSE	TRUE	FALSE	TRUE	TRUE	FALSE	FALSE	M	P	O	R	L	D	P	M	L
TRUE	FALSE	FALSE	FALSE	TRUE	FALSE	TRUE	TRUE	FALSE	TRUE	M	P	O	R	L	D	S	H	M
TRUE	FALSE	FALSE	FALSE	TRUE	FALSE	TRUE	TRUE	TRUE	FALSE	M	P	O	R	L	D	S	H	M
TRUE	FALSE	FALSE	FALSE	TRUE	FALSE	TRUE	TRUE	TRUE	TRUE	M	P	O	R	L	D	E	H	M
TRUE	FALSE	FALSE	FALSE	TRUE	TRUE	FALSE	FALSE	FALSE	FALSE	M	P	O	P	M	L	P	L	L
TRUE	FALSE	FALSE	FALSE	TRUE	TRUE	FALSE	FALSE	FALSE	TRUE	M	P	O	P	M	L	S	L	L
TRUE	FALSE	FALSE	FALSE	TRUE	TRUE	FALSE	FALSE	TRUE	FALSE	M	P	O	P	M	L	S	L	L
TRUE	FALSE	FALSE	FALSE	TRUE	TRUE	FALSE	FALSE	TRUE	TRUE	M	P	O	P	M	L	E	M	M
TRUE	FALSE	FALSE	FALSE	TRUE	TRUE	FALSE	TRUE	FALSE	FALSE	M	P	O	P	M	M	P	L	L
TRUE	FALSE	FALSE	FALSE	TRUE	TRUE	FALSE	TRUE	FALSE	TRUE	M	P	O	P	M	M	S	M	M
TRUE	FALSE	FALSE	FALSE	TRUE	TRUE	FALSE	TRUE	TRUE	FALSE	M	P	O	P	M	M	S	M	M
TRUE	FALSE	FALSE	FALSE	TRUE	TRUE	FALSE	TRUE	TRUE	TRUE	M	P	O	P	M	M	E	H	H
TRUE	FALSE	FALSE	FALSE	TRUE	TRUE	TRUE	FALSE	FALSE	FALSE	M	P	O	P	M	M	P	L	L
TRUE	FALSE	FALSE	FALSE	TRUE	TRUE	TRUE	FALSE	FALSE	TRUE	M	P	O	P	M	M	S	M	M
TRUE	FALSE	FALSE	FALSE	TRUE	TRUE	TRUE	FALSE	TRUE	FALSE	M	P	O	P	M	M	S	M	M
TRUE	FALSE	FALSE	FALSE	TRUE	TRUE	TRUE	FALSE	TRUE	TRUE	M	P	O	P	M	M	E	H	H
TRUE	FALSE	FALSE	FALSE	TRUE	TRUE	TRUE	TRUE	FALSE	FALSE	M	P	O	P	M	D	P	M	M
TRUE	FALSE	FALSE	FALSE	TRUE	TRUE	TRUE	TRUE	FALSE	TRUE	M	P	O	P	M	D	S	H	H
TRUE	FALSE	FALSE	FALSE	TRUE	TRUE	TRUE	TRUE	TRUE	FALSE	M	P	O	P	M	D	S	H	H
TRUE	FALSE	FALSE	FALSE	TRUE	TRUE	TRUE	TRUE	TRUE	TRUE	M	P	O	P	M	D	E	H	H
TRUE	FALSE	FALSE	TRUE	FALSE	FALSE	FALSE	FALSE	FALSE	FALSE	M	C	L	P	L	L	P	L	L
TRUE	FALSE	FALSE	TRUE	FALSE	FALSE	FALSE	FALSE	FALSE	TRUE	M	C	L	P	L	L	S	L	L
TRUE	FALSE	FALSE	TRUE	FALSE	FALSE	FALSE	FALSE	TRUE	FALSE	M	C	L	P	L	L	S	L	L
TRUE	FALSE	FALSE	TRUE	FALSE	FALSE	FALSE	FALSE	TRUE	TRUE	M	C	L	P	L	L	E	M	L
TRUE	FALSE	FALSE	TRUE	FALSE	FALSE	FALSE	TRUE	FALSE	FALSE	M	C	L	P	L	M	P	L	L
TRUE	FALSE	FALSE	TRUE	FALSE	FALSE	FALSE	TRUE	FALSE	TRUE	M	C	L	P	L	M	S	M	L
TRUE	FALSE	FALSE	TRUE	FALSE	FALSE	FALSE	TRUE	TRUE	FALSE	M	C	L	P	L	M	S	M	L
TRUE	FALSE	FALSE	TRUE	FALSE	FALSE	FALSE	TRUE	TRUE	TRUE	M	C	L	P	L	M	E	H	M
TRUE	FALSE	FALSE	TRUE	FALSE	FALSE	TRUE	FALSE	FALSE	FALSE	M	C	L	P	L	M	P	L	L
TRUE	FALSE	FALSE	TRUE	FALSE	FALSE	TRUE	FALSE	FALSE	TRUE	M	C	L	P	L	M	S	M	L
TRUE	FALSE	FALSE	TRUE	FALSE	FALSE	TRUE	FALSE	TRUE	FALSE	M	C	L	P	L	M	S	M	L
TRUE	FALSE	FALSE	TRUE	FALSE	FALSE	TRUE	FALSE	TRUE	TRUE	M	C	L	P	L	M	E	H	M
TRUE	FALSE	FALSE	TRUE	FALSE	FALSE	TRUE	TRUE	FALSE	FALSE	M	C	L	P	L	D	P	M	L
TRUE	FALSE	FALSE	TRUE	FALSE	FALSE	TRUE	TRUE	FALSE	TRUE	M	C	L	P	L	D	S	H	M
TRUE	FALSE	FALSE	TRUE	FALSE	FALSE	TRUE	TRUE	TRUE	FALSE	M	C	L	P	L	D	S	H	M
TRUE	FALSE	FALSE	TRUE	FALSE	FALSE	TRUE	TRUE	TRUE	TRUE	M	C	L	P	L	D	E	H	M
TRUE	FALSE	FALSE	TRUE	FALSE	TRUE	FALSE	FALSE	FALSE	FALSE	M	C	L	A	M	L	P	L	L
TRUE	FALSE	FALSE	TRUE	FALSE	TRUE	FALSE	FALSE	FALSE	TRUE	M	C	L	A	M	L	S	L	L
TRUE	FALSE	FALSE	TRUE	FALSE	TRUE	FALSE	FALSE	TRUE	FALSE	M	C	L	A	M	L	S	L	L
TRUE	FALSE	FALSE	TRUE	FALSE	TRUE	FALSE	FALSE	TRUE	TRUE	M	C	L	A	M	L	E	M	M
TRUE	FALSE	FALSE	TRUE	FALSE	TRUE	FALSE	TRUE	FALSE	FALSE	M	C	L	A	M	M	P	L	L
TRUE	FALSE	FALSE	TRUE	FALSE	TRUE	FALSE	TRUE	FALSE	TRUE	M	C	L	A	M	M	S	M	M
TRUE	FALSE	FALSE	TRUE	FALSE	TRUE	FALSE	TRUE	TRUE	FALSE	M	C	L	A	M	M	S	M	M
TRUE	FALSE	FALSE	TRUE	FALSE	TRUE	FALSE	TRUE	TRUE	TRUE	M	C	L	A	M	M	E	H	H
TRUE	FALSE	FALSE	TRUE	FALSE	TRUE	TRUE	FALSE	FALSE	FALSE	M	C	L	A	M	M	P	L	L
TRUE	FALSE	FALSE	TRUE	FALSE	TRUE	TRUE	FALSE	FALSE	TRUE	M	C	L	A	M	M	S	M	M
TRUE	FALSE	FALSE	TRUE	FALSE	TRUE	TRUE	FALSE	TRUE	FALSE	M	C	L	A	M	M	S	M	M
TRUE	FALSE	FALSE	TRUE	FALSE	TRUE	TRUE	FALSE	TRUE	TRUE	M	C	L	A	M	M	E	H	H
TRUE	FALSE	FALSE	TRUE	FALSE	TRUE	TRUE	TRUE	FALSE	FALSE	M	C	L	A	M	D	P	M	M
TRUE	FALSE	FALSE	TRUE	FALSE	TRUE	TRUE	TRUE	FALSE	TRUE	M	C	L	A	M	D	S	H	H
TRUE	FALSE	FALSE	TRUE	FALSE	TRUE	TRUE	TRUE	TRUE	FALSE	M	C	L	A	M	D	S	H	H
TRUE	FALSE	FALSE	TRUE	FALSE	TRUE	TRUE	TRUE	TRUE	TRUE	M	C	L	A	M	D	E	H	H
TRUE	FALSE	FALSE	TRUE	TRUE	FALSE	FALSE	FALSE	FALSE	FALSE	M	C	L	R	L	L	P	L	L
TRUE	FALSE	FALSE	TRUE	TRUE	FALSE	FALSE	FALSE	FALSE	TRUE	M	C	L	R	L	L	S	L	L
TRUE	FALSE	FALSE	TRUE	TRUE	FALSE	FALSE	FALSE	TRUE	FALSE	M	C	L	R	L	L	S	L	L
TRUE	FALSE	FALSE	TRUE	TRUE	FALSE	FALSE	FALSE	TRUE	TRUE	M	C	L	R	L	L	E	M	L
TRUE	FALSE	FALSE	TRUE	TRUE	FALSE	FALSE	TRUE	FALSE	FALSE	M	C	L	R	L	M	P	L	L
TRUE	FALSE	FALSE	TRUE	TRUE	FALSE	FALSE	TRUE	FALSE	TRUE	M	C	L	R	L	M	S	M	L
TRUE	FALSE	FALSE	TRUE	TRUE	FALSE	FALSE	TRUE	TRUE	FALSE	M	C	L	R	L	M	S	M	L
TRUE	FALSE	FALSE	TRUE	TRUE	FALSE	FALSE	TRUE	TRUE	TRUE	M	C	L	R	L	M	E	H	M
TRUE	FALSE	FALSE	TRUE	TRUE	FALSE	TRUE	FALSE	FALSE	FALSE	M	C	L	R	L	M	P	L	L
TRUE	FALSE	FALSE	TRUE	TRUE	FALSE	TRUE	FALSE	FALSE	TRUE	M	C	L	R	L	M	S	M	L
TRUE	FALSE	FALSE	TRUE	TRUE	FALSE	TRUE	FALSE	TRUE	FALSE	M	C	L	R	L	M	S	M	L
TRUE	FALSE	FALSE	TRUE	TRUE	FALSE	TRUE	FALSE	TRUE	TRUE	M	C	L	R	L	M	E	H	M
TRUE	FALSE	FALSE	TRUE	TRUE	FALSE	TRUE	TRUE	FALSE	FALSE	M	C	L	R	L	D	P	M	L
TRUE	FALSE	FALSE	TRUE	TRUE	FALSE	TRUE	TRUE	FALSE	TRUE	M	C	L	R	L	D	S	H	M
TRUE	FALSE	FALSE	TRUE	TRUE	FALSE	TRUE	TRUE	TRUE	FALSE	M	C	L	R	L	D	S	H	M
TRUE	FALSE	FALSE	TRUE	TRUE	FALSE	TRUE	TRUE	TRUE	TRUE	M	C	L	R	L	D	E	H	M
TRUE	FALSE	FALSE	TRUE	TRUE	TRUE	FALSE	FALSE	FALSE	FALSE	M	C	L	P	L	L	P	L	L
TRUE	FALSE	FALSE	TRUE	TRUE	TRUE	FALSE	FALSE	FALSE	TRUE	M	C	L	P	L	L	S	L	L
TRUE	FALSE	FALSE	TRUE	TRUE	TRUE	FALSE	FALSE	TRUE	FALSE	M	C	L	P	L	L	S	L	L
TRUE	FALSE	FALSE	TRUE	TRUE	TRUE	FALSE	FALSE	TRUE	TRUE	M	C	L	P	L	L	E	M	L
TRUE	FALSE	FALSE	TRUE	TRUE	TRUE	FALSE	TRUE	FALSE	FALSE	M	C	L	P	L	M	P	L	L
TRUE	FALSE	FALSE	TRUE	TRUE	TRUE	FALSE	TRUE	FALSE	TRUE	M	C	L	P	L	M	S	M	L
TRUE	FALSE	FALSE	TRUE	TRUE	TRUE	FALSE	TRUE	TRUE	FALSE	M	C	L	P	L	M	S	M	L
TRUE	FALSE	FALSE	TRUE	TRUE	TRUE	FALSE	TRUE	TRUE	TRUE	M	C	L	P	L	M	E	H	M
TRUE	FALSE	FALSE	TRUE	TRUE	TRUE	TRUE	FALSE	FALSE	FALSE	M	C	L	P	L	M	P	L	L
TRUE	FALSE	FALSE	TRUE	TRUE	TRUE	TRUE	FALSE	FALSE	TRUE	M	C	L	P	L	M	S	M	L
TRUE	FALSE	FALSE	TRUE	TRUE	TRUE	TRUE	FALSE	TRUE	FALSE	M	C	L	P	L	M	S	M	L
TRUE	FALSE	FALSE	TRUE	TRUE	TRUE	TRUE	FALSE	TRUE	TRUE	M	C	L	P	L	M	E	H	M
TRUE	FALSE	FALSE	TRUE	TRUE	TRUE	TRUE	TRUE	FALSE	FALSE	M	C	L	P	L	D	P	M	L
TRUE	FALSE	FALSE	TRUE	TRUE	TRUE	TRUE	TRUE	FALSE	TRUE	M	C	L	P	L	D	S	H	M
TRUE	FALSE	FALSE	TRUE	TRUE	TRUE	TRUE	TRUE	TRUE	FALSE	M	C	L	P	L	D	S	H	M
TRUE	FALSE	FALSE	TRUE	TRUE	TRUE	TRUE	TRUE	TRUE	TRUE	M	C	L	P	L	D	E	H	M
TRUE	FALSE	TRUE	FALSE	FALSE	FALSE	FALSE	FALSE	FALSE	FALSE	M	I	C	P	H	L	P	L	M
TRUE	FALSE	TRUE	FALSE	FALSE	FALSE	FALSE	FALSE	FALSE	TRUE	M	I	C	P	H	L	S	L	M
TRUE	FALSE	TRUE	FALSE	FALSE	FALSE	FALSE	FALSE	TRUE	FALSE	M	I	C	P	H	L	S	L	M
TRUE	FALSE	TRUE	FALSE	FALSE	FALSE	FALSE	FALSE	TRUE	TRUE	M	I	C	P	H	L	E	M	H
TRUE	FALSE	TRUE	FALSE	FALSE	FALSE	FALSE	TRUE	FALSE	FALSE	M	I	C	P	H	M	P	L	M
TRUE	FALSE	TRUE	FALSE	FALSE	FALSE	FALSE	TRUE	FALSE	TRUE	M	I	C	P	H	M	S	M	H
TRUE	FALSE	TRUE	FALSE	FALSE	FALSE	FALSE	TRUE	TRUE	FALSE	M	I	C	P	H	M	S	M	H
TRUE	FALSE	TRUE	FALSE	FALSE	FALSE	FALSE	TRUE	TRUE	TRUE	M	I	C	P	H	M	E	H	H
TRUE	FALSE	TRUE	FALSE	FALSE	FALSE	TRUE	FALSE	FALSE	FALSE	M	I	C	P	H	M	P	L	M
TRUE	FALSE	TRUE	FALSE	FALSE	FALSE	TRUE	FALSE	FALSE	TRUE	M	I	C	P	H	M	S	M	H
TRUE	FALSE	TRUE	FALSE	FALSE	FALSE	TRUE	FALSE	TRUE	FALSE	M	I	C	P	H	M	S	M	H
TRUE	FALSE	TRUE	FALSE	FALSE	FALSE	TRUE	FALSE	TRUE	TRUE	M	I	C	P	H	M	E	H	H
TRUE	FALSE	TRUE	FALSE	FALSE	FALSE	TRUE	TRUE	FALSE	FALSE	M	I	C	P	H	D	P	M	H
TRUE	FALSE	TRUE	FALSE	FALSE	FALSE	TRUE	TRUE	FALSE	TRUE	M	I	C	P	H	D	S	H	H
TRUE	FALSE	TRUE	FALSE	FALSE	FALSE	TRUE	TRUE	TRUE	FALSE	M	I	C	P	H	D	S	H	H
TRUE	FALSE	TRUE	FALSE	FALSE	FALSE	TRUE	TRUE	TRUE	TRUE	M	I	C	P	H	D	E	H	H
TRUE	FALSE	TRUE	FALSE	FALSE	TRUE	FALSE	FALSE	FALSE	FALSE	M	I	C	A	H	L	P	L	M
TRUE	FALSE	TRUE	FALSE	FALSE	TRUE	FALSE	FALSE	FALSE	TRUE	M	I	C	A	H	L	S	L	M
TRUE	FALSE	TRUE	FALSE	FALSE	TRUE	FALSE	FALSE	TRUE	FALSE	M	I	C	A	H	L	S	L	M
TRUE	FALSE	TRUE	FALSE	FALSE	TRUE	FALSE	FALSE	TRUE	TRUE	M	I	C	A	H	L	E	M	H
TRUE	FALSE	TRUE	FALSE	FALSE	TRUE	FALSE	TRUE	FALSE	FALSE	M	I	C	A	H	M	P	L	M
TRUE	FALSE	TRUE	FALSE	FALSE	TRUE	FALSE	TRUE	FALSE	TRUE	M	I	C	A	H	M	S	M	H
TRUE	FALSE	TRUE	FALSE	FALSE	TRUE	FALSE	TRUE	TRUE	FALSE	M	I	C	A	H	M	S	M	H
TRUE	FALSE	TRUE	FALSE	FALSE	TRUE	FALSE	TRUE	TRUE	TRUE	M	I	C	A	H	M	E	H	H
TRUE	FALSE	TRUE	FALSE	FALSE	TRUE	TRUE	FALSE	FALSE	FALSE	M	I	C	A	H	M	P	L	M
TRUE	FALSE	TRUE	FALSE	FALSE	TRUE	TRUE	FALSE	FALSE	TRUE	M	I	C	A	H	M	S	M	H
TRUE	FALSE	TRUE	FALSE	FALSE	TRUE	TRUE	FALSE	TRUE	FALSE	M	I	C	A	H	M	S	M	H
TRUE	FALSE	TRUE	FALSE	FALSE	TRUE	TRUE	FALSE	TRUE	TRUE	M	I	C	A	H	M	E	H	H
TRUE	FALSE	TRUE	FALSE	FALSE	TRUE	TRUE	TRUE	FALSE	FALSE	M	I	C	A	H	D	P	M	H
TRUE	FALSE	TRUE	FALSE	FALSE	TRUE	TRUE	TRUE	FALSE	TRUE	M	I	C	A	H	D	S	H	H
TRUE	FALSE	TRUE	FALSE	FALSE	TRUE	TRUE	TRUE	TRUE	FALSE	M	I	C	A	H	D	S	H	H
TRUE	FALSE	TRUE	FALSE	FALSE	TRUE	TRUE	TRUE	TRUE	TRUE	M	I	C	A	H	D	E	H	H
TRUE	FALSE	TRUE	FALSE	TRUE	FALSE	FALSE	FALSE	FALSE	FALSE	M	I	C	R	M	L	P	L	L
TRUE	FALSE	TRUE	FALSE	TRUE	FALSE	FALSE	FALSE	FALSE	TRUE	M	I	C	R	M	L	S	L	L
TRUE	FALSE	TRUE	FALSE	TRUE	FALSE	FALSE	FALSE	TRUE	FALSE	M	I	C	R	M	L	S	L	L
TRUE	FALSE	TRUE	FALSE	TRUE	FALSE	FALSE	FALSE	TRUE	TRUE	M	I	C	R	M	L	E	M	M
TRUE	FALSE	TRUE	FALSE	TRUE	FALSE	FALSE	TRUE	FALSE	FALSE	M	I	C	R	M	M	P	L	L
TRUE	FALSE	TRUE	FALSE	TRUE	FALSE	FALSE	TRUE	FALSE	TRUE	M	I	C	R	M	M	S	M	M
TRUE	FALSE	TRUE	FALSE	TRUE	FALSE	FALSE	TRUE	TRUE	FALSE	M	I	C	R	M	M	S	M	M
TRUE	FALSE	TRUE	FALSE	TRUE	FALSE	FALSE	TRUE	TRUE	TRUE	M	I	C	R	M	M	E	H	H
TRUE	FALSE	TRUE	FALSE	TRUE	FALSE	TRUE	FALSE	FALSE	FALSE	M	I	C	R	M	M	P	L	L
TRUE	FALSE	TRUE	FALSE	TRUE	FALSE	TRUE	FALSE	FALSE	TRUE	M	I	C	R	M	M	S	M	M
TRUE	FALSE	TRUE	FALSE	TRUE	FALSE	TRUE	FALSE	TRUE	FALSE	M	I	C	R	M	M	S	M	M
TRUE	FALSE	TRUE	FALSE	TRUE	FALSE	TRUE	FALSE	TRUE	TRUE	M	I	C	R	M	M	E	H	H
TRUE	FALSE	TRUE	FALSE	TRUE	FALSE	TRUE	TRUE	FALSE	FALSE	M	I	C	R	M	D	P	M	M
TRUE	FALSE	TRUE	FALSE	TRUE	FALSE	TRUE	TRUE	FALSE	TRUE	M	I	C	R	M	D	S	H	H
TRUE	FALSE	TRUE	FALSE	TRUE	FALSE	TRUE	TRUE	TRUE	FALSE	M	I	C	R	M	D	S	H	H
TRUE	FALSE	TRUE	FALSE	TRUE	FALSE	TRUE	TRUE	TRUE	TRUE	M	I	C	R	M	D	E	H	H
TRUE	FALSE	TRUE	FALSE	TRUE	TRUE	FALSE	FALSE	FALSE	FALSE	M	I	C	P	H	L	P	L	M
TRUE	FALSE	TRUE	FALSE	TRUE	TRUE	FALSE	FALSE	FALSE	TRUE	M	I	C	P	H	L	S	L	M
TRUE	FALSE	TRUE	FALSE	TRUE	TRUE	FALSE	FALSE	TRUE	FALSE	M	I	C	P	H	L	S	L	M
TRUE	FALSE	TRUE	FALSE	TRUE	TRUE	FALSE	FALSE	TRUE	TRUE	M	I	C	P	H	L	E	M	H
TRUE	FALSE	TRUE	FALSE	TRUE	TRUE	FALSE	TRUE	FALSE	FALSE	M	I	C	P	H	M	P	L	M
TRUE	FALSE	TRUE	FALSE	TRUE	TRUE	FALSE	TRUE	FALSE	TRUE	M	I	C	P	H	M	S	M	H
TRUE	FALSE	TRUE	FALSE	TRUE	TRUE	FALSE	TRUE	TRUE	FALSE	M	I	C	P	H	M	S	M	H
TRUE	FALSE	TRUE	FALSE	TRUE	TRUE	FALSE	TRUE	TRUE	TRUE	M	I	C	P	H	M	E	H	H
TRUE	FALSE	TRUE	FALSE	TRUE	TRUE	TRUE	FALSE	FALSE	FALSE	M	I	C	P	H	M	P	L	M
TRUE	FALSE	TRUE	FALSE	TRUE	TRUE	TRUE	FALSE	FALSE	TRUE	M	I	C	P	H	M	S	M	H
TRUE	FALSE	TRUE	FALSE	TRUE	TRUE	TRUE	FALSE	TRUE	FALSE	M	I	C	P	H	M	S	M	H
TRUE	FALSE	TRUE	FALSE	TRUE	TRUE	TRUE	FALSE	TRUE	TRUE	M	I	C	P	H	M	E	H	H
TRUE	FALSE	TRUE	FALSE	TRUE	TRUE	TRUE	TRUE	FALSE	FALSE	M	I	C	P	H	D	P	M	H
TRUE	FALSE	TRUE	FALSE	TRUE	TRUE	TRUE	TRUE	FALSE	TRUE	M	I	C	P	H	D	S	H	H
TRUE	FALSE	TRUE	FALSE	TRUE	TRUE	TRUE	TRUE	TRUE	FALSE	M	I	C	P	H	D	S	H	H
TRUE	FALSE	TRUE	FALSE	TRUE	TRUE	TRUE	TRUE	TRUE	TRUE	M	I	C	P	H	D	E	H	H
TRUE	FALSE	TRUE	TRUE	FALSE	FALSE	FALSE	FALSE	FALSE	FALSE	M	P	O	P	M	L	P	L	L
TRUE	FALSE	TRUE	TRUE	FALSE	FALSE	FALSE	FALSE	FALSE	TRUE	M	P	O	P	M	L	S	L	L
TRUE	FALSE	TRUE	TRUE	FALSE	FALSE	FALSE	FALSE	TRUE	FALSE	M	P	O	P	M	L	S	L	L
TRUE	FALSE	TRUE	TRUE	FALSE	FALSE	FALSE	FALSE	TRUE	TRUE	M	P	O	P	M	L	E	M	M
TRUE	FALSE	TRUE	TRUE	FALSE	FALSE	FALSE	TRUE	FALSE	FALSE	M	P	O	P	M	M	P	L	L
TRUE	FALSE	TRUE	TRUE	FALSE	FALSE	FALSE	TRUE	FALSE	TRUE	M	P	O	P	M	M	S	M	M
TRUE	FALSE	TRUE	TRUE	FALSE	FALSE	FALSE	TRUE	TRUE	FALSE	M	P	O	P	M	M	S	M	M
TRUE	FALSE	TRUE	TRUE	FALSE	FALSE	FALSE	TRUE	TRUE	TRUE	M	P	O	P	M	M	E	H	H
TRUE	FALSE	TRUE	TRUE	FALSE	FALSE	TRUE	FALSE	FALSE	FALSE	M	P	O	P	M	M	P	L	L
TRUE	FALSE	TRUE	TRUE	FALSE	FALSE	TRUE	FALSE	FALSE	TRUE	M	P	O	P	M	M	S	M	M
TRUE	FALSE	TRUE	TRUE	FALSE	FALSE	TRUE	FALSE	TRUE	FALSE	M	P	O	P	M	M	S	M	M
TRUE	FALSE	TRUE	TRUE	FALSE	FALSE	TRUE	FALSE	TRUE	TRUE	M	P	O	P	M	M	E	H	H
TRUE	FALSE	TRUE	TRUE	FALSE	FALSE	TRUE	TRUE	FALSE	FALSE	M	P	O	P	M	D	P	M	M
TRUE	FALSE	TRUE	TRUE	FALSE	FALSE	TRUE	TRUE	FALSE	TRUE	M	P	O	P	M	D	S	H	H
TRUE	FALSE	TRUE	TRUE	FALSE	FALSE	TRUE	TRUE	TRUE	FALSE	M	P	O	P	M	D	S	H	H
TRUE	FALSE	TRUE	TRUE	FALSE	FALSE	TRUE	TRUE	TRUE	TRUE	M	P	O	P	M	D	E	H	H
TRUE	FALSE	TRUE	TRUE	FALSE	TRUE	FALSE	FALSE	FALSE	FALSE	M	P	O	A	H	L	P	L	M
TRUE	FALSE	TRUE	TRUE	FALSE	TRUE	FALSE	FALSE	FALSE	TRUE	M	P	O	A	H	L	S	L	M
TRUE	FALSE	TRUE	TRUE	FALSE	TRUE	FALSE	FALSE	TRUE	FALSE	M	P	O	A	H	L	S	L	M
TRUE	FALSE	TRUE	TRUE	FALSE	TRUE	FALSE	FALSE	TRUE	TRUE	M	P	O	A	H	L	E	M	H
TRUE	FALSE	TRUE	TRUE	FALSE	TRUE	FALSE	TRUE	FALSE	FALSE	M	P	O	A	H	M	P	L	M
TRUE	FALSE	TRUE	TRUE	FALSE	TRUE	FALSE	TRUE	FALSE	TRUE	M	P	O	A	H	M	S	M	H
TRUE	FALSE	TRUE	TRUE	FALSE	TRUE	FALSE	TRUE	TRUE	FALSE	M	P	O	A	H	M	S	M	H
TRUE	FALSE	TRUE	TRUE	FALSE	TRUE	FALSE	TRUE	TRUE	TRUE	M	P	O	A	H	M	E	H	H
TRUE	FALSE	TRUE	TRUE	FALSE	TRUE	TRUE	FALSE	FALSE	FALSE	M	P	O	A	H	M	P	L	M
TRUE	FALSE	TRUE	TRUE	FALSE	TRUE	TRUE	FALSE	FALSE	TRUE	M	P	O	A	H	M	S	M	H
TRUE	FALSE	TRUE	TRUE	FALSE	TRUE	TRUE	FALSE	TRUE	FALSE	M	P	O	A	H	M	S	M	H
TRUE	FALSE	TRUE	TRUE	FALSE	TRUE	TRUE	FALSE	TRUE	TRUE	M	P	O	A	H	M	E	H	H
TRUE	FALSE	TRUE	TRUE	FALSE	TRUE	TRUE	TRUE	FALSE	FALSE	M	P	O	A	H	D	P	M	H
TRUE	FALSE	TRUE	TRUE	FALSE	TRUE	TRUE	TRUE	FALSE	TRUE	M	P	O	A	H	D	S	H	H
TRUE	FALSE	TRUE	TRUE	FALSE	TRUE	TRUE	TRUE	TRUE	FALSE	M	P	O	A	H	D	S	H	H
TRUE	FALSE	TRUE	TRUE	FALSE	TRUE	TRUE	TRUE	TRUE	TRUE	M	P	O	A	H	D	E	H	H
TRUE	FALSE	TRUE	TRUE	TRUE	FALSE	FALSE	FALSE	FALSE	FALSE	M	P	O	R	L	L	P	L	L
TRUE	FALSE	TRUE	TRUE	TRUE	FALSE	FALSE	FALSE	FALSE	TRUE	M	P	O	R	L	L	S	L	L
TRUE	FALSE	TRUE	TRUE	TRUE	FALSE	FALSE	FALSE	TRUE	FALSE	M	P	O	R	L	L	S	L	L
TRUE	FALSE	TRUE	TRUE	TRUE	FALSE	FALSE	FALSE	TRUE	TRUE	M	P	O	R	L	L	E	M	L
TRUE	FALSE	TRUE	TRUE	TRUE	FALSE	FALSE	TRUE	FALSE	FALSE	M	P	O	R	L	M	P	L	L
TRUE	FALSE	TRUE	TRUE	TRUE	FALSE	FALSE	TRUE	FALSE	TRUE	M	P	O	R	L	M	S	M	L
TRUE	FALSE	TRUE	TRUE	TRUE	FALSE	FALSE	TRUE	TRUE	FALSE	M	P	O	R	L	M	S	M	L
TRUE	FALSE	TRUE	TRUE	TRUE	FALSE	FALSE	TRUE	TRUE	TRUE	M	P	O	R	L	M	E	H	M
TRUE	FALSE	TRUE	TRUE	TRUE	FALSE	TRUE	FALSE	FALSE	FALSE	M	P	O	R	L	M	P	L	L
TRUE	FALSE	TRUE	TRUE	TRUE	FALSE	TRUE	FALSE	FALSE	TRUE	M	P	O	R	L	M	S	M	L
TRUE	FALSE	TRUE	TRUE	TRUE	FALSE	TRUE	FALSE	TRUE	FALSE	M	P	O	R	L	M	S	M	L
TRUE	FALSE	TRUE	TRUE	TRUE	FALSE	TRUE	FALSE	TRUE	TRUE	M	P	O	R	L	M	E	H	M
TRUE	FALSE	TRUE	TRUE	TRUE	FALSE	TRUE	TRUE	FALSE	FALSE	M	P	O	R	L	D	P	M	L
TRUE	FALSE	TRUE	TRUE	TRUE	FALSE	TRUE	TRUE	FALSE	TRUE	M	P	O	R	L	D	S	H	M
TRUE	FALSE	TRUE	TRUE	TRUE	FALSE	TRUE	TRUE	TRUE	FALSE	M	P	O	R	L	D	S	H	M
TRUE	FALSE	TRUE	TRUE	TRUE	FALSE	TRUE	TRUE	TRUE	TRUE	M	P	O	R	L	D	E	H	M
TRUE	FALSE	TRUE	TRUE	TRUE	TRUE	FALSE	FALSE	FALSE	FALSE	M	P	O	P	M	L	P	L	L
TRUE	FALSE	TRUE	TRUE	TRUE	TRUE	FALSE	FALSE	FALSE	TRUE	M	P	O	P	M	L	S	L	L
TRUE	FALSE	TRUE	TRUE	TRUE	TRUE	FALSE	FALSE	TRUE	FALSE	M	P	O	P	M	L	S	L	L
TRUE	FALSE	TRUE	TRUE	TRUE	TRUE	FALSE	FALSE	TRUE	TRUE	M	P	O	P	M	L	E	M	M
TRUE	FALSE	TRUE	TRUE	TRUE	TRUE	FALSE	TRUE	FALSE	FALSE	M	P	O	P	M	M	P	L	L
TRUE	FALSE	TRUE	TRUE	TRUE	TRUE	FALSE	TRUE	FALSE	TRUE	M	P	O	P	M	M	S	M	M
TRUE	FALSE	TRUE	TRUE	TRUE	TRUE	FALSE	TRUE	TRUE	FALSE	M	P	O	P	M	M	S	M	M
TRUE	FALSE	TRUE	TRUE	TRUE	TRUE	FALSE	TRUE	TRUE	TRUE	M	P	O	P	M	M	E	H	H
TRUE	FALSE	TRUE	TRUE	TRUE	TRUE	TRUE	FALSE	FALSE	FALSE	M	P	O	P	M	M	P	L	L
TRUE	FALSE	TRUE	TRUE	TRUE	TRUE	TRUE	FALSE	FALSE	TRUE	M	P	O	P	M	M	S	M	M
TRUE	FALSE	TRUE	TRUE	TRUE	TRUE	TRUE	FALSE	TRUE	FALSE	M	P	O	P	M	M	S	M	M
TRUE	FALSE	TRUE	TRUE	TRUE	TRUE	TRUE	FALSE	TRUE	TRUE	M	P	O	P	M	M	E	H	H
TRUE	FALSE	TRUE	TRUE	TRUE	TRUE	TRUE	TRUE	FALSE	FALSE	M	P	O	P	M	D	P	M	M
TRUE	FALSE	TRUE	TRUE	TRUE	TRUE	TRUE	TRUE	FALSE	TRUE	M	P	O	P	M	D	S	H	H
TRUE	FALSE	TRUE	TRUE	TRUE	TRUE	TRUE	TRUE	TRUE	FALSE	M	P	O	P	M	D	S	H	H
TRUE	FALSE	TRUE	TRUE	TRUE	TRUE	TRUE	TRUE	TRUE	TRUE	M	P	O	P	M	D	E	H	H
TRUE	TRUE	FALSE	FALSE	FALSE	FALSE	FALSE	FALSE	FALSE	FALSE	S	P	L	P	L	L	P	L	L
TRUE	TRUE	FALSE	FALSE	FALSE	FALSE	FALSE	FALSE	FALSE	TRUE	S	P	L	P	L	L	S	L	L
TRUE	TRUE	FALSE	FALSE	FALSE	FALSE	FALSE	FALSE	TRUE	FALSE	S	P	L	P	L	L	S	L	L
TRUE	TRUE	FALSE	FALSE	FALSE	FALSE	FALSE	FALSE	TRUE	TRUE	S	P	L	P	L	L	E	M	L
TRUE	TRUE	FALSE	FALSE	FALSE	FALSE	FALSE	TRUE	FALSE	FALSE	S	P	L	P	L	M	P	L	L
TRUE	TRUE	FALSE	FALSE	FALSE	FALSE	FALSE	TRUE	FALSE	TRUE	S	P	L	P	L	M	S	M	L
TRUE	TRUE	FALSE	FALSE	FALSE	FALSE	FALSE	TRUE	TRUE	FALSE	S	P	L	P	L	M	S	M	L
TRUE	TRUE	FALSE	FALSE	FALSE	FALSE	FALSE	TRUE	TRUE	TRUE	S	P	L	P	L	M	E	H	M
TRUE	TRUE	FALSE	FALSE	FALSE	FALSE	TRUE	FALSE	FALSE	FALSE	S	P	L	P	L	M	P	L	L
TRUE	TRUE	FALSE	FALSE	FALSE	FALSE	TRUE	FALSE	FALSE	TRUE	S	P	L	P	L	M	S	M	L
TRUE	TRUE	FALSE	FALSE	FALSE	FALSE	TRUE	FALSE	TRUE	FALSE	S	P	L	P	L	M	S	M	L
TRUE	TRUE	FALSE	FALSE	FALSE	FALSE	TRUE	FALSE	TRUE	TRUE	S	P	L	P	L	M	E	H	M
TRUE	TRUE	FALSE	FALSE	FALSE	FALSE	TRUE	TRUE	FALSE	FALSE	S	P	L	P	L	D	P	M	L
TRUE	TRUE	FALSE	FALSE	FALSE	FALSE	TRUE	TRUE	FALSE	TRUE	S	P	L	P	L	D	S	H	M
TRUE	TRUE	FALSE	FALSE	FALSE	FALSE	TRUE	TRUE	TRUE	FALSE	S	P	L	P	L	D	S	H	M
TRUE	TRUE	FALSE	FALSE	FALSE	FALSE	TRUE	TRUE	TRUE	TRUE	S	P	L	P	L	D	E	H	M
TRUE	TRUE	FALSE	FALSE	FALSE	TRUE	FALSE	FALSE	FALSE	FALSE	S	P	L	A	M	L	P	L	L
TRUE	TRUE	FALSE	FALSE	FALSE	TRUE	FALSE	FALSE	FALSE	TRUE	S	P	L	A	M	L	S	L	L
TRUE	TRUE	FALSE	FALSE	FALSE	TRUE	FALSE	FALSE	TRUE	FALSE	S	P	L	A	M	L	S	L	L
TRUE	TRUE	FALSE	FALSE	FALSE	TRUE	FALSE	FALSE	TRUE	TRUE	S	P	L	A	M	L	E	M	M
TRUE	TRUE	FALSE	FALSE	FALSE	TRUE	FALSE	TRUE	FALSE	FALSE	S	P	L	A	M	M	P	L	L
TRUE	TRUE	FALSE	FALSE	FALSE	TRUE	FALSE	TRUE	FALSE	TRUE	S	P	L	A	M	M	S	M	M
TRUE	TRUE	FALSE	FALSE	FALSE	TRUE	FALSE	TRUE	TRUE	FALSE	S	P	L	A	M	M	S	M	M
TRUE	TRUE	FALSE	FALSE	FALSE	TRUE	FALSE	TRUE	TRUE	TRUE	S	P	L	A	M	M	E	H	H
TRUE	TRUE	FALSE	FALSE	FALSE	TRUE	TRUE	FALSE	FALSE	FALSE	S	P	L	A	M	M	P	L	L
TRUE	TRUE	FALSE	FALSE	FALSE	TRUE	TRUE	FALSE	FALSE	TRUE	S	P	L	A	M	M	S	M	M
TRUE	TRUE	FALSE	FALSE	FALSE	TRUE	TRUE	FALSE	TRUE	FALSE	S	P	L	A	M	M	S	M	M
TRUE	TRUE	FALSE	FALSE	FALSE	TRUE	TRUE	FALSE	TRUE	TRUE	S	P	L	A	M	M	E	H	H
TRUE	TRUE	FALSE	FALSE	FALSE	TRUE	TRUE	TRUE	FALSE	FALSE	S	P	L	A	M	D	P	M	M
TRUE	TRUE	FALSE	FALSE	FALSE	TRUE	TRUE	TRUE	FALSE	TRUE	S	P	L	A	M	D	S	H	H
TRUE	TRUE	FALSE	FALSE	FALSE	TRUE	TRUE	TRUE	TRUE	FALSE	S	P	L	A	M	D	S	H	H
TRUE	TRUE	FALSE	FALSE	FALSE	TRUE	TRUE	TRUE	TRUE	TRUE	S	P	L	A	M	D	E	H	H
TRUE	TRUE	FALSE	FALSE	TRUE	FALSE	FALSE	FALSE	FALSE	FALSE	S	P	L	R	L	L	P	L	L
TRUE	TRUE	FALSE	FALSE	TRUE	FALSE	FALSE	FALSE	FALSE	TRUE	S	P	L	R	L	L	S	L	L
TRUE	TRUE	FALSE	FALSE	TRUE	FALSE	FALSE	FALSE	TRUE	FALSE	S	P	L	R	L	L	S	L	L
TRUE	TRUE	FALSE	FALSE	TRUE	FALSE	FALSE	FALSE	TRUE	TRUE	S	P	L	R	L	L	E	M	L
TRUE	TRUE	FALSE	FALSE	TRUE	FALSE	FALSE	TRUE	FALSE	FALSE	S	P	L	R	L	M	P	L	L
TRUE	TRUE	FALSE	FALSE	TRUE	FALSE	FALSE	TRUE	FALSE	TRUE	S	P	L	R	L	M	S	M	L
TRUE	TRUE	FALSE	FALSE	TRUE	FALSE	FALSE	TRUE	TRUE	FALSE	S	P	L	R	L	M	S	M	L
TRUE	TRUE	FALSE	FALSE	TRUE	FALSE	FALSE	TRUE	TRUE	TRUE	S	P	L	R	L	M	E	H	M
TRUE	TRUE	FALSE	FALSE	TRUE	FALSE	TRUE	FALSE	FALSE	FALSE	S	P	L	R	L	M	P	L	L
TRUE	TRUE	FALSE	FALSE	TRUE	FALSE	TRUE	FALSE	FALSE	TRUE	S	P	L	R	L	M	S	M	L
TRUE	TRUE	FALSE	FALSE	TRUE	FALSE	TRUE	FALSE	TRUE	FALSE	S	P	L	R	L	M	S	M	L
TRUE	TRUE	FALSE	FALSE	TRUE	FALSE	TRUE	FALSE	TRUE	TRUE	S	P	L	R	L	M	E	H	M
TRUE	TRUE	FALSE	FALSE	TRUE	FALSE	TRUE	TRUE	FALSE	FALSE	S	P	L	R	L	D	P	M	L
TRUE	TRUE	FALSE	FALSE	TRUE	FALSE	TRUE	TRUE	FALSE	TRUE	S	P	L	R	L	D	S	H	M
TRUE	TRUE	FALSE	FALSE	TRUE	FALSE	TRUE	TRUE	TRUE	FALSE	S	P	L	R	L	D	S	H	M
TRUE	TRUE	FALSE	FALSE	TRUE	FALSE	TRUE	TRUE	TRUE	TRUE	S	P	L	R	L	D	E	H	M
TRUE	TRUE	FALSE	FALSE	TRUE	TRUE	FALSE	FALSE	FALSE	FALSE	S	P	L	P	L	L	P	L	L
TRUE	TRUE	FALSE	FALSE	TRUE	TRUE	FALSE	FALSE	FALSE	TRUE	S	P	L	P	L	L	S	L	L
TRUE	TRUE	FALSE	FALSE	TRUE	TRUE	FALSE	FALSE	TRUE	FALSE	S	P	L	P	L	L	S	L	L
TRUE	TRUE	FALSE	FALSE	TRUE	TRUE	FALSE	FALSE	TRUE	TRUE	S	P	L	P	L	L	E	M	L
TRUE	TRUE	FALSE	FALSE	TRUE	TRUE	FALSE	TRUE	FALSE	FALSE	S	P	L	P	L	M	P	L	L
TRUE	TRUE	FALSE	FALSE	TRUE	TRUE	FALSE	TRUE	FALSE	TRUE	S	P	L	P	L	M	S	M	L
TRUE	TRUE	FALSE	FALSE	TRUE	TRUE	FALSE	TRUE	TRUE	FALSE	S	P	L	P	L	M	S	M	L
TRUE	TRUE	FALSE	FALSE	TRUE	TRUE	FALSE	TRUE	TRUE	TRUE	S	P	L	P	L	M	E	H	M
TRUE	TRUE	FALSE	FALSE	TRUE	TRUE	TRUE	FALSE	FALSE	FALSE	S	P	L	P	L	M	P	L	L
TRUE	TRUE	FALSE	FALSE	TRUE	TRUE	TRUE	FALSE	FALSE	TRUE	S	P	L	P	L	M	S	M	L
TRUE	TRUE	FALSE	FALSE	TRUE	TRUE	TRUE	FALSE	TRUE	FALSE	S	P	L	P	L	M	S	M	L
TRUE	TRUE	FALSE	FALSE	TRUE	TRUE	TRUE	FALSE	TRUE	TRUE	S	P	L	P	L	M	E	H	M
TRUE	TRUE	FALSE	FALSE	TRUE	TRUE	TRUE	TRUE	FALSE	FALSE	S	P	L	P	L	D	P	M	L
TRUE	TRUE	FALSE	FALSE	TRUE	TRUE	TRUE	TRUE	FALSE	TRUE	S	P	L	P	L	D	S	H	M
TRUE	TRUE	FALSE	FALSE	TRUE	TRUE	TRUE	TRUE	TRUE	FALSE	S	P	L	P	L	D	S	H	M
TRUE	TRUE	FALSE	FALSE	TRUE	TRUE	TRUE	TRUE	TRUE	TRUE	S	P	L	P	L	D	E	H	M
TRUE	TRUE	FALSE	TRUE	FALSE	FALSE	FALSE	FALSE	FALSE	FALSE	S	C	L	P	L	L	P	L	L
TRUE	TRUE	FALSE	TRUE	FALSE	FALSE	FALSE	FALSE	FALSE	TRUE	S	C	L	P	L	L	S	L	L
TRUE	TRUE	FALSE	TRUE	FALSE	FALSE	FALSE	FALSE	TRUE	FALSE	S	C	L	P	L	L	S	L	L
TRUE	TRUE	FALSE	TRUE	FALSE	FALSE	FALSE	FALSE	TRUE	TRUE	S	C	L	P	L	L	E	M	L
TRUE	TRUE	FALSE	TRUE	FALSE	FALSE	FALSE	TRUE	FALSE	FALSE	S	C	L	P	L	M	P	L	L
TRUE	TRUE	FALSE	TRUE	FALSE	FALSE	FALSE	TRUE	FALSE	TRUE	S	C	L	P	L	M	S	M	L
TRUE	TRUE	FALSE	TRUE	FALSE	FALSE	FALSE	TRUE	TRUE	FALSE	S	C	L	P	L	M	S	M	L
TRUE	TRUE	FALSE	TRUE	FALSE	FALSE	FALSE	TRUE	TRUE	TRUE	S	C	L	P	L	M	E	H	M
TRUE	TRUE	FALSE	TRUE	FALSE	FALSE	TRUE	FALSE	FALSE	FALSE	S	C	L	P	L	M	P	L	L
TRUE	TRUE	FALSE	TRUE	FALSE	FALSE	TRUE	FALSE	FALSE	TRUE	S	C	L	P	L	M	S	M	L
TRUE	TRUE	FALSE	TRUE	FALSE	FALSE	TRUE	FALSE	TRUE	FALSE	S	C	L	P	L	M	S	M	L
TRUE	TRUE	FALSE	TRUE	FALSE	FALSE	TRUE	FALSE	TRUE	TRUE	S	C	L	P	L	M	E	H	M
TRUE	TRUE	FALSE	TRUE	FALSE	FALSE	TRUE	TRUE	FALSE	FALSE	S	C	L	P	L	D	P	M	L
TRUE	TRUE	FALSE	TRUE	FALSE	FALSE	TRUE	TRUE	FALSE	TRUE	S	C	L	P	L	D	S	H	M
TRUE	TRUE	FALSE	TRUE	FALSE	FALSE	TRUE	TRUE	TRUE	FALSE	S	C	L	P	L	D	S	H	M
TRUE	TRUE	FALSE	TRUE	FALSE	FALSE	TRUE	TRUE	TRUE	TRUE	S	C	L	P	L	D	E	H	M
TRUE	TRUE	FALSE	TRUE	FALSE	TRUE	FALSE	FALSE	FALSE	FALSE	S	C	L	A	M	L	P	L	L
TRUE	TRUE	FALSE	TRUE	FALSE	TRUE	FALSE	FALSE	FALSE	TRUE	S	C	L	A	M	L	S	L	L
TRUE	TRUE	FALSE	TRUE	FALSE	TRUE	FALSE	FALSE	TRUE	FALSE	S	C	L	A	M	L	S	L	L
TRUE	TRUE	FALSE	TRUE	FALSE	TRUE	FALSE	FALSE	TRUE	TRUE	S	C	L	A	M	L	E	M	M
TRUE	TRUE	FALSE	TRUE	FALSE	TRUE	FALSE	TRUE	FALSE	FALSE	S	C	L	A	M	M	P	L	L
TRUE	TRUE	FALSE	TRUE	FALSE	TRUE	FALSE	TRUE	FALSE	TRUE	S	C	L	A	M	M	S	M	M
TRUE	TRUE	FALSE	TRUE	FALSE	TRUE	FALSE	TRUE	TRUE	FALSE	S	C	L	A	M	M	S	M	M
TRUE	TRUE	FALSE	TRUE	FALSE	TRUE	FALSE	TRUE	TRUE	TRUE	S	C	L	A	M	M	E	H	H
TRUE	TRUE	FALSE	TRUE	FALSE	TRUE	TRUE	FALSE	FALSE	FALSE	S	C	L	A	M	M	P	L	L
TRUE	TRUE	FALSE	TRUE	FALSE	TRUE	TRUE	FALSE	FALSE	TRUE	S	C	L	A	M	M	S	M	M
TRUE	TRUE	FALSE	TRUE	FALSE	TRUE	TRUE	FALSE	TRUE	FALSE	S	C	L	A	M	M	S	M	M
TRUE	TRUE	FALSE	TRUE	FALSE	TRUE	TRUE	FALSE	TRUE	TRUE	S	C	L	A	M	M	E	H	H
TRUE	TRUE	FALSE	TRUE	FALSE	TRUE	TRUE	TRUE	FALSE	FALSE	S	C	L	A	M	D	P	M	M
TRUE	TRUE	FALSE	TRUE	FALSE	TRUE	TRUE	TRUE	FALSE	TRUE	S	C	L	A	M	D	S	H	H
TRUE	TRUE	FALSE	TRUE	FALSE	TRUE	TRUE	TRUE	TRUE	FALSE	S	C	L	A	M	D	S	H	H
TRUE	TRUE	FALSE	TRUE	FALSE	TRUE	TRUE	TRUE	TRUE	TRUE	S	C	L	A	M	D	E	H	H
TRUE	TRUE	FALSE	TRUE	TRUE	FALSE	FALSE	FALSE	FALSE	FALSE	S	C	L	R	L	L	P	L	L
TRUE	TRUE	FALSE	TRUE	TRUE	FALSE	FALSE	FALSE	FALSE	TRUE	S	C	L	R	L	L	S	L	L
TRUE	TRUE	FALSE	TRUE	TRUE	FALSE	FALSE	FALSE	TRUE	FALSE	S	C	L	R	L	L	S	L	L
TRUE	TRUE	FALSE	TRUE	TRUE	FALSE	FALSE	FALSE	TRUE	TRUE	S	C	L	R	L	L	E	M	L
TRUE	TRUE	FALSE	TRUE	TRUE	FALSE	FALSE	TRUE	FALSE	FALSE	S	C	L	R	L	M	P	L	L
TRUE	TRUE	FALSE	TRUE	TRUE	FALSE	FALSE	TRUE	FALSE	TRUE	S	C	L	R	L	M	S	M	L
TRUE	TRUE	FALSE	TRUE	TRUE	FALSE	FALSE	TRUE	TRUE	FALSE	S	C	L	R	L	M	S	M	L
TRUE	TRUE	FALSE	TRUE	TRUE	FALSE	FALSE	TRUE	TRUE	TRUE	S	C	L	R	L	M	E	H	M
TRUE	TRUE	FALSE	TRUE	TRUE	FALSE	TRUE	FALSE	FALSE	FALSE	S	C	L	R	L	M	P	L	L
TRUE	TRUE	FALSE	TRUE	TRUE	FALSE	TRUE	FALSE	FALSE	TRUE	S	C	L	R	L	M	S	M	L
TRUE	TRUE	FALSE	TRUE	TRUE	FALSE	TRUE	FALSE	TRUE	FALSE	S	C	L	R	L	M	S	M	L
TRUE	TRUE	FALSE	TRUE	TRUE	FALSE	TRUE	FALSE	TRUE	TRUE	S	C	L	R	L	M	E	H	M
TRUE	TRUE	FALSE	TRUE	TRUE	FALSE	TRUE	TRUE	FALSE	FALSE	S	C	L	R	L	D	P	M	L
TRUE	TRUE	FALSE	TRUE	TRUE	FALSE	TRUE	TRUE	FALSE	TRUE	S	C	L	R	L	D	S	H	M
TRUE	TRUE	FALSE	TRUE	TRUE	FALSE	TRUE	TRUE	TRUE	FALSE	S	C	L	R	L	D	S	H	M
TRUE	TRUE	FALSE	TRUE	TRUE	FALSE	TRUE	TRUE	TRUE	TRUE	S	C	L	R	L	D	E	H	M
TRUE	TRUE	FALSE	TRUE	TRUE	TRUE	FALSE	FALSE	FALSE	FALSE	S	C	L	P	L	L	P	L	L
TRUE	TRUE	FALSE	TRUE	TRUE	TRUE	FALSE	FALSE	FALSE	TRUE	S	C	L	P	L	L	S	L	L
TRUE	TRUE	FALSE	TRUE	TRUE	TRUE	FALSE	FALSE	TRUE	FALSE	S	C	L	P	L	L	S	L	L
TRUE	TRUE	FALSE	TRUE	TRUE	TRUE	FALSE	FALSE	TRUE	TRUE	S	C	L	P	L	L	E	M	L
TRUE	TRUE	FALSE	TRUE	TRUE	TRUE	FALSE	TRUE	FALSE	FALSE	S	C	L	P	L	M	P	L	L
TRUE	TRUE	FALSE	TRUE	TRUE	TRUE	FALSE	TRUE	FALSE	TRUE	S	C	L	P	L	M	S	M	L
TRUE	TRUE	FALSE	TRUE	TRUE	TRUE	FALSE	TRUE	TRUE	FALSE	S	C	L	P	L	M	S	M	L
TRUE	TRUE	FALSE	TRUE	TRUE	TRUE	FALSE	TRUE	TRUE	TRUE	S	C	L	P	L	M	E	H	M
TRUE	TRUE	FALSE	TRUE	TRUE	TRUE	TRUE	FALSE	FALSE	FALSE	S	C	L	P	L	M	P	L	L
TRUE	TRUE	FALSE	TRUE	TRUE	TRUE	TRUE	FALSE	FALSE	TRUE	S	C	L	P	L	M	S	M	L
TRUE	TRUE	FALSE	TRUE	TRUE	TRUE	TRUE	FALSE	TRUE	FALSE	S	C	L	P	L	M	S	M	L
TRUE	TRUE	FALSE	TRUE	TRUE	TRUE	TRUE	FALSE	TRUE	TRUE	S	C	L	P	L	M	E	H	M
TRUE	TRUE	FALSE	TRUE	TRUE	TRUE	TRUE	TRUE	FALSE	FALSE	S	C	L	P	L	D	P	M	L
TRUE	TRUE	FALSE	TRUE	TRUE	TRUE	TRUE	TRUE	FALSE	TRUE	S	C	L	P	L	D	S	H	M
TRUE	TRUE	FALSE	TRUE	TRUE	TRUE	TRUE	TRUE	TRUE	FALSE	S	C	L	P	L	D	S	H	M
TRUE	TRUE	FALSE	TRUE	TRUE	TRUE	TRUE	TRUE	TRUE	TRUE	S	C	L	P	L	D	E	H	M
TRUE	TRUE	TRUE	FALSE	FALSE	FALSE	FALSE	FALSE	FALSE	FALSE	S	I	O	P	M	L	P	L	L
TRUE	TRUE	TRUE	FALSE	FALSE	FALSE	FALSE	FALSE	FALSE	TRUE	S	I	O	P	M	L	S	L	L
TRUE	TRUE	TRUE	FALSE	FALSE	FALSE	FALSE	FALSE	TRUE	FALSE	S	I	O	P	M	L	S	L	L
TRUE	TRUE	TRUE	FALSE	FALSE	FALSE	FALSE	FALSE	TRUE	TRUE	S	I	O	P	M	L	E	M	M
TRUE	TRUE	TRUE	FALSE	FALSE	FALSE	FALSE	TRUE	FALSE	FALSE	S	I	O	P	M	M	P	L	L
TRUE	TRUE	TRUE	FALSE	FALSE	FALSE	FALSE	TRUE	FALSE	TRUE	S	I	O	P	M	M	S	M	M
TRUE	TRUE	TRUE	FALSE	FALSE	FALSE	FALSE	TRUE	TRUE	FALSE	S	I	O	P	M	M	S	M	M
TRUE	TRUE	TRUE	FALSE	FALSE	FALSE	FALSE	TRUE	TRUE	TRUE	S	I	O	P	M	M	E	H	H
TRUE	TRUE	TRUE	FALSE	FALSE	FALSE	TRUE	FALSE	FALSE	FALSE	S	I	O	P	M	M	P	L	L
TRUE	TRUE	TRUE	FALSE	FALSE	FALSE	TRUE	FALSE	FALSE	TRUE	S	I	O	P	M	M	S	M	M
TRUE	TRUE	TRUE	FALSE	FALSE	FALSE	TRUE	FALSE	TRUE	FALSE	S	I	O	P	M	M	S	M	M
TRUE	TRUE	TRUE	FALSE	FALSE	FALSE	TRUE	FALSE	TRUE	TRUE	S	I	O	P	M	M	E	H	H
TRUE	TRUE	TRUE	FALSE	FALSE	FALSE	TRUE	TRUE	FALSE	FALSE	S	I	O	P	M	D	P	M	M
TRUE	TRUE	TRUE	FALSE	FALSE	FALSE	TRUE	TRUE	FALSE	TRUE	S	I	O	P	M	D	S	H	H
TRUE	TRUE	TRUE	FALSE	FALSE	FALSE	TRUE	TRUE	TRUE	FALSE	S	I	O	P	M	D	S	H	H
TRUE	TRUE	TRUE	FALSE	FALSE	FALSE	TRUE	TRUE	TRUE	TRUE	S	I	O	P	M	D	E	H	H
TRUE	TRUE	TRUE	FALSE	FALSE	TRUE	FALSE	FALSE	FALSE	FALSE	S	I	O	A	H	L	P	L	M
TRUE	TRUE	TRUE	FALSE	FALSE	TRUE	FALSE	FALSE	FALSE	TRUE	S	I	O	A	H	L	S	L	M
TRUE	TRUE	TRUE	FALSE	FALSE	TRUE	FALSE	FALSE	TRUE	FALSE	S	I	O	A	H	L	S	L	M
TRUE	TRUE	TRUE	FALSE	FALSE	TRUE	FALSE	FALSE	TRUE	TRUE	S	I	O	A	H	L	E	M	H
TRUE	TRUE	TRUE	FALSE	FALSE	TRUE	FALSE	TRUE	FALSE	FALSE	S	I	O	A	H	M	P	L	M
TRUE	TRUE	TRUE	FALSE	FALSE	TRUE	FALSE	TRUE	FALSE	TRUE	S	I	O	A	H	M	S	M	H
TRUE	TRUE	TRUE	FALSE	FALSE	TRUE	FALSE	TRUE	TRUE	FALSE	S	I	O	A	H	M	S	M	H
TRUE	TRUE	TRUE	FALSE	FALSE	TRUE	FALSE	TRUE	TRUE	TRUE	S	I	O	A	H	M	E	H	H
TRUE	TRUE	TRUE	FALSE	FALSE	TRUE	TRUE	FALSE	FALSE	FALSE	S	I	O	A	H	M	P	L	M
TRUE	TRUE	TRUE	FALSE	FALSE	TRUE	TRUE	FALSE	FALSE	TRUE	S	I	O	A	H	M	S	M	H
TRUE	TRUE	TRUE	FALSE	FALSE	TRUE	TRUE	FALSE	TRUE	FALSE	S	I	O	A	H	M	S	M	H
TRUE	TRUE	TRUE	FALSE	FALSE	TRUE	TRUE	FALSE	TRUE	TRUE	S	I	O	A	H	M	E	H	H
TRUE	TRUE	TRUE	FALSE	FALSE	TRUE	TRUE	TRUE	FALSE	FALSE	S	I	O	A	H	D	P	M	H
TRUE	TRUE	TRUE	FALSE	FALSE	TRUE	TRUE	TRUE	FALSE	TRUE	S	I	O	A	H	D	S	H	H
TRUE	TRUE	TRUE	FALSE	FALSE	TRUE	TRUE	TRUE	TRUE	FALSE	S	I	O	A	H	D	S	H	H
TRUE	TRUE	TRUE	FALSE	FALSE	TRUE	TRUE	TRUE	TRUE	TRUE	S	I	O	A	H	D	E	H	H
TRUE	TRUE	TRUE	FALSE	TRUE	FALSE	FALSE	FALSE	FALSE	FALSE	S	I	O	R	L	L	P	L	L
TRUE	TRUE	TRUE	FALSE	TRUE	FALSE	FALSE	FALSE	FALSE	TRUE	S	I	O	R	L	L	S	L	L
TRUE	TRUE	TRUE	FALSE	TRUE	FALSE	FALSE	FALSE	TRUE	FALSE	S	I	O	R	L	L	S	L	L
TRUE	TRUE	TRUE	FALSE	TRUE	FALSE	FALSE	FALSE	TRUE	TRUE	S	I	O	R	L	L	E	M	L
TRUE	TRUE	TRUE	FALSE	TRUE	FALSE	FALSE	TRUE	FALSE	FALSE	S	I	O	R	L	M	P	L	L
TRUE	TRUE	TRUE	FALSE	TRUE	FALSE	FALSE	TRUE	FALSE	TRUE	S	I	O	R	L	M	S	M	L
TRUE	TRUE	TRUE	FALSE	TRUE	FALSE	FALSE	TRUE	TRUE	FALSE	S	I	O	R	L	M	S	M	L
TRUE	TRUE	TRUE	FALSE	TRUE	FALSE	FALSE	TRUE	TRUE	TRUE	S	I	O	R	L	M	E	H	M
TRUE	TRUE	TRUE	FALSE	TRUE	FALSE	TRUE	FALSE	FALSE	FALSE	S	I	O	R	L	M	P	L	L
TRUE	TRUE	TRUE	FALSE	TRUE	FALSE	TRUE	FALSE	FALSE	TRUE	S	I	O	R	L	M	S	M	L
TRUE	TRUE	TRUE	FALSE	TRUE	FALSE	TRUE	FALSE	TRUE	FALSE	S	I	O	R	L	M	S	M	L
TRUE	TRUE	TRUE	FALSE	TRUE	FALSE	TRUE	FALSE	TRUE	TRUE	S	I	O	R	L	M	E	H	M
TRUE	TRUE	TRUE	FALSE	TRUE	FALSE	TRUE	TRUE	FALSE	FALSE	S	I	O	R	L	D	P	M	L
TRUE	TRUE	TRUE	FALSE	TRUE	FALSE	TRUE	TRUE	FALSE	TRUE	S	I	O	R	L	D	S	H	M
TRUE	TRUE	TRUE	FALSE	TRUE	FALSE	TRUE	TRUE	TRUE	FALSE	S	I	O	R	L	D	S	H	M
TRUE	TRUE	TRUE	FALSE	TRUE	FALSE	TRUE	TRUE	TRUE	TRUE	S	I	O	R	L	D	E	H	M
TRUE	TRUE	TRUE	FALSE	TRUE	TRUE	FALSE	FALSE	FALSE	FALSE	S	I	O	P	M	L	P	L	L
TRUE	TRUE	TRUE	FALSE	TRUE	TRUE	FALSE	FALSE	FALSE	TRUE	S	I	O	P	M	L	S	L	L
TRUE	TRUE	TRUE	FALSE	TRUE	TRUE	FALSE	FALSE	TRUE	FALSE	S	I	O	P	M	L	S	L	L
TRUE	TRUE	TRUE	FALSE	TRUE	TRUE	FALSE	FALSE	TRUE	TRUE	S	I	O	P	M	L	E	M	M
TRUE	TRUE	TRUE	FALSE	TRUE	TRUE	FALSE	TRUE	FALSE	FALSE	S	I	O	P	M	M	P	L	L
TRUE	TRUE	TRUE	FALSE	TRUE	TRUE	FALSE	TRUE	FALSE	TRUE	S	I	O	P	M	M	S	M	M
TRUE	TRUE	TRUE	FALSE	TRUE	TRUE	FALSE	TRUE	TRUE	FALSE	S	I	O	P	M	M	S	M	M
TRUE	TRUE	TRUE	FALSE	TRUE	TRUE	FALSE	TRUE	TRUE	TRUE	S	I	O	P	M	M	E	H	H
TRUE	TRUE	TRUE	FALSE	TRUE	TRUE	TRUE	FALSE	FALSE	FALSE	S	I	O	P	M	M	P	L	L
TRUE	TRUE	TRUE	FALSE	TRUE	TRUE	TRUE	FALSE	FALSE	TRUE	S	I	O	P	M	M	S	M	M
TRUE	TRUE	TRUE	FALSE	TRUE	TRUE	TRUE	FALSE	TRUE	FALSE	S	I	O	P	M	M	S	M	M
TRUE	TRUE	TRUE	FALSE	TRUE	TRUE	TRUE	FALSE	TRUE	TRUE	S	I	O	P	M	M	E	H	H
TRUE	TRUE	TRUE	FALSE	TRUE	TRUE	TRUE	TRUE	FALSE	FALSE	S	I	O	P	M	D	P	M	M
TRUE	TRUE	TRUE	FALSE	TRUE	TRUE	TRUE	TRUE	FALSE	TRUE	S	I	O	P	M	D	S	H	H
TRUE	TRUE	TRUE	FALSE	TRUE	TRUE	TRUE	TRUE	TRUE	FALSE	S	I	O	P	M	D	S	H	H
TRUE	TRUE	TRUE	FALSE	TRUE	TRUE	TRUE	TRUE	TRUE	TRUE	S	I	O	P	M	D	E	H	H
TRUE	TRUE	TRUE	TRUE	FALSE	FALSE	FALSE	FALSE	FALSE	FALSE	S	P	L	P	L	L	P	L	L
TRUE	TRUE	TRUE	TRUE	FALSE	FALSE	FALSE	FALSE	FALSE	TRUE	S	P	L	P	L	L	S	L	L
TRUE	TRUE	TRUE	TRUE	FALSE	FALSE	FALSE	FALSE	TRUE	FALSE	S	P	L	P	L	L	S	L	L
TRUE	TRUE	TRUE	TRUE	FALSE	FALSE	FALSE	FALSE	TRUE	TRUE	S	P	L	P	L	L	E	M	L
TRUE	TRUE	TRUE	TRUE	FALSE	FALSE	FALSE	TRUE	FALSE	FALSE	S	P	L	P	L	M	P	L	L
TRUE	TRUE	TRUE	TRUE	FALSE	FALSE	FALSE	TRUE	FALSE	TRUE	S	P	L	P	L	M	S	M	L
TRUE	TRUE	TRUE	TRUE	FALSE	FALSE	FALSE	TRUE	TRUE	FALSE	S	P	L	P	L	M	S	M	L
TRUE	TRUE	TRUE	TRUE	FALSE	FALSE	FALSE	TRUE	TRUE	TRUE	S	P	L	P	L	M	E	H	M
TRUE	TRUE	TRUE	TRUE	FALSE	FALSE	TRUE	FALSE	FALSE	FALSE	S	P	L	P	L	M	P	L	L
TRUE	TRUE	TRUE	TRUE	FALSE	FALSE	TRUE	FALSE	FALSE	TRUE	S	P	L	P	L	M	S	M	L
TRUE	TRUE	TRUE	TRUE	FALSE	FALSE	TRUE	FALSE	TRUE	FALSE	S	P	L	P	L	M	S	M	L
TRUE	TRUE	TRUE	TRUE	FALSE	FALSE	TRUE	FALSE	TRUE	TRUE	S	P	L	P	L	M	E	H	M
TRUE	TRUE	TRUE	TRUE	FALSE	FALSE	TRUE	TRUE	FALSE	FALSE	S	P	L	P	L	D	P	M	L
TRUE	TRUE	TRUE	TRUE	FALSE	FALSE	TRUE	TRUE	FALSE	TRUE	S	P	L	P	L	D	S	H	M
TRUE	TRUE	TRUE	TRUE	FALSE	FALSE	TRUE	TRUE	TRUE	FALSE	S	P	L	P	L	D	S	H	M
TRUE	TRUE	TRUE	TRUE	FALSE	FALSE	TRUE	TRUE	TRUE	TRUE	S	P	L	P	L	D	E	H	M
TRUE	TRUE	TRUE	TRUE	FALSE	TRUE	FALSE	FALSE	FALSE	FALSE	S	P	L	A	M	L	P	L	L
TRUE	TRUE	TRUE	TRUE	FALSE	TRUE	FALSE	FALSE	FALSE	TRUE	S	P	L	A	M	L	S	L	L
TRUE	TRUE	TRUE	TRUE	FALSE	TRUE	FALSE	FALSE	TRUE	FALSE	S	P	L	A	M	L	S	L	L
TRUE	TRUE	TRUE	TRUE	FALSE	TRUE	FALSE	FALSE	TRUE	TRUE	S	P	L	A	M	L	E	M	M
TRUE	TRUE	TRUE	TRUE	FALSE	TRUE	FALSE	TRUE	FALSE	FALSE	S	P	L	A	M	M	P	L	L
TRUE	TRUE	TRUE	TRUE	FALSE	TRUE	FALSE	TRUE	FALSE	TRUE	S	P	L	A	M	M	S	M	M
TRUE	TRUE	TRUE	TRUE	FALSE	TRUE	FALSE	TRUE	TRUE	FALSE	S	P	L	A	M	M	S	M	M
TRUE	TRUE	TRUE	TRUE	FALSE	TRUE	FALSE	TRUE	TRUE	TRUE	S	P	L	A	M	M	E	H	H
TRUE	TRUE	TRUE	TRUE	FALSE	TRUE	TRUE	FALSE	FALSE	FALSE	S	P	L	A	M	M	P	L	L
TRUE	TRUE	TRUE	TRUE	FALSE	TRUE	TRUE	FALSE	FALSE	TRUE	S	P	L	A	M	M	S	M	M
TRUE	TRUE	TRUE	TRUE	FALSE	TRUE	TRUE	FALSE	TRUE	FALSE	S	P	L	A	M	M	S	M	M
TRUE	TRUE	TRUE	TRUE	FALSE	TRUE	TRUE	FALSE	TRUE	TRUE	S	P	L	A	M	M	E	H	H
TRUE	TRUE	TRUE	TRUE	FALSE	TRUE	TRUE	TRUE	FALSE	FALSE	S	P	L	A	M	D	P	M	M
TRUE	TRUE	TRUE	TRUE	FALSE	TRUE	TRUE	TRUE	FALSE	TRUE	S	P	L	A	M	D	S	H	H
TRUE	TRUE	TRUE	TRUE	FALSE	TRUE	TRUE	TRUE	TRUE	FALSE	S	P	L	A	M	D	S	H	H
TRUE	TRUE	TRUE	TRUE	FALSE	TRUE	TRUE	TRUE	TRUE	TRUE	S	P	L	A	M	D	E	H	H
TRUE	TRUE	TRUE	TRUE	TRUE	FALSE	FALSE	FALSE	FALSE	FALSE	S	P	L	R	L	L	P	L	L
TRUE	TRUE	TRUE	TRUE	TRUE	FALSE	FALSE	FALSE	FALSE	TRUE	S	P	L	R	L	L	S	L	L
TRUE	TRUE	TRUE	TRUE	TRUE	FALSE	FALSE	FALSE	TRUE	FALSE	S	P	L	R	L	L	S	L	L
TRUE	TRUE	TRUE	TRUE	TRUE	FALSE	FALSE	FALSE	TRUE	TRUE	S	P	L	R	L	L	E	M	L
TRUE	TRUE	TRUE	TRUE	TRUE	FALSE	FALSE	TRUE	FALSE	FALSE	S	P	L	R	L	M	P	L	L
TRUE	TRUE	TRUE	TRUE	TRUE	FALSE	FALSE	TRUE	FALSE	TRUE	S	P	L	R	L	M	S	M	L
TRUE	TRUE	TRUE	TRUE	TRUE	FALSE	FALSE	TRUE	TRUE	FALSE	S	P	L	R	L	M	S	M	L
TRUE	TRUE	TRUE	TRUE	TRUE	FALSE	FALSE	TRUE	TRUE	TRUE	S	P	L	R	L	M	E	H	M
TRUE	TRUE	TRUE	TRUE	TRUE	FALSE	TRUE	FALSE	FALSE	FALSE	S	P	L	R	L	M	P	L	L
TRUE	TRUE	TRUE	TRUE	TRUE	FALSE	TRUE	FALSE	FALSE	TRUE	S	P	L	R	L	M	S	M	L
TRUE	TRUE	TRUE	TRUE	TRUE	FALSE	TRUE	FALSE	TRUE	FALSE	S	P	L	R	L	M	S	M	L
TRUE	TRUE	TRUE	TRUE	TRUE	FALSE	TRUE	FALSE	TRUE	TRUE	S	P	L	R	L	M	E	H	M
TRUE	TRUE	TRUE	TRUE	TRUE	FALSE	TRUE	TRUE	FALSE	FALSE	S	P	L	R	L	D	P	M	L
TRUE	TRUE	TRUE	TRUE	TRUE	FALSE	TRUE	TRUE	FALSE	TRUE	S	P	L	R	L	D	S	H	M
TRUE	TRUE	TRUE	TRUE	TRUE	FALSE	TRUE	TRUE	TRUE	FALSE	S	P	L	R	L	D	S	H	M
TRUE	TRUE	TRUE	TRUE	TRUE	FALSE	TRUE	TRUE	TRUE	TRUE	S	P	L	R	L	D	E	H	M
TRUE	TRUE	TRUE	TRUE	TRUE	TRUE	FALSE	FALSE	FALSE	FALSE	S	P	L	P	L	L	P	L	L
TRUE	TRUE	TRUE	TRUE	TRUE	TRUE	FALSE	FALSE	FALSE	TRUE	S	P	L	P	L	L	S	L	L
TRUE	TRUE	TRUE	TRUE	TRUE	TRUE	FALSE	FALSE	TRUE	FALSE	S	P	L	P	L	L	S	L	L
TRUE	TRUE	TRUE	TRUE	TRUE	TRUE	FALSE	FALSE	TRUE	TRUE	S	P	L	P	L	L	E	M	L
TRUE	TRUE	TRUE	TRUE	TRUE	TRUE	FALSE	TRUE	FALSE	FALSE	S	P	L	P	L	M	P	L	L
TRUE	TRUE	TRUE	TRUE	TRUE	TRUE	FALSE	TRUE	FALSE	TRUE	S	P	L	P	L	M	S	M	L
TRUE	TRUE	TRUE	TRUE	TRUE	TRUE	FALSE	TRUE	TRUE	FALSE	S	P	L	P	L	M	S	M	L
TRUE	TRUE	TRUE	TRUE	TRUE	TRUE	FALSE	TRUE	TRUE	TRUE	S	P	L	P	L	M	E	H	M
TRUE	TRUE	TRUE	TRUE	TRUE	TRUE	TRUE	FALSE	FALSE	FALSE	S	P	L	P	L	M	P	L	L
TRUE	TRUE	TRUE	TRUE	TRUE	TRUE	TRUE	FALSE	FALSE	TRUE	S	P	L	P	L	M	S	M	L
TRUE	TRUE	TRUE	TRUE	TRUE	TRUE	TRUE	FALSE	TRUE	FALSE	S	P	L	P	L	M	S	M	L
TRUE	TRUE	TRUE	TRUE	TRUE	TRUE	TRUE	FALSE	TRUE	TRUE	S	P	L	P	L	M	E	H	M
TRUE	TRUE	TRUE	TRUE	TRUE	TRUE	TRUE	TRUE	FALSE	FALSE	S	P	L	P	L	D	P	M	L
TRUE	TRUE	TRUE	TRUE	TRUE	TRUE	TRUE	TRUE	FALSE	TRUE	S	P	L	P	L	D	S	H	M
TRUE	TRUE	TRUE	TRUE	TRUE	TRUE	TRUE	TRUE	TRUE	FALSE	S	P	L	P	L	D	S	H	M
TRUE	TRUE	TRUE	TRUE	TRUE	TRUE	TRUE	TRUE	TRUE	TRUE	S	P	L	P	L	D	E	H	M
